title,url,ctime,label_type,label_property,label_article,code,company,industry
香港老牌发展商合和实业今日除牌 结束近47年上市地位,https://news.10jqka.com.cn/m611192568/,1556849040,新闻,中性,"50019340_除牌,50023242_合和实业",HK0001,长和,综合
赫斯基首季盈利增32%胜预期,https://news.10jqka.com.cn/m611120552/,1556349944,新闻,中性,"50000652_项目投资,50006059_原油价格",HK0001,长和,综合
17年之后 李嘉诚长和系公司再度申请在香港主板上市,https://m.21jingji.com/article/20190416/herald/eac4b9989c5ebd96cdf767af685f4441.html,1555418857,新闻,中性,"50004955_李嘉诚,50015283_主板",HK0001,长和,综合
李泽钜接手后的屈臣氏：前有丝芙兰后有KOL 腾讯阿里争买股份 谁才是最大的赢家,https://m.jiemian.com/article/3002332.html,1554091843,新闻,中性,"50001089_腾讯,50004918_阿里巴巴",HK0001,长和,综合
东兴证券2019年4月十大金股,https://mp.weixin.qq.com/s?__biz=MzA3NTA2NTUwOQ==&mid=2650918943&idx=1&sn=5490448b8f2ba95a80b4a81597f93559&chksm=848341d5b3f4c8c37b9aa10d1ff88cf518f05efea022e42a9c8f810d01223d8e7c1daf750b32&scene=0&xtrack=1,1553913617,新闻,中性,"50004118_东兴证券,50009633_风险警示",HK0001,长和,综合
李泽钜接棒一年 长和系继续全球收购,https://news.10jqka.com.cn/m610461495/,1553560585,新闻,中性,"50000445_资产收购,50022150_长和",HK0001,长和,综合
李嘉诚家族资产大挪移：长和在内地及香港资产占比仅剩一成,https://m.jiemian.com/article/2979584.html,1553491749,新闻,利空,"50004955_李嘉诚,50014311_港资",HK0001,长和,综合
瑞银华宝：下调目标价至107元，评级“买入”,https://news.10jqka.com.cn/m610426466/,1553407285,新闻,,50000314_港股公司研究,HK0001,长和,综合
3月22日港股通数据：万洲国际净买入额最大 腾讯控股净卖出额居第一位,https://news.10jqka.com.cn/m610414825/,1553247665,新闻,,50007780_港股通资金,HK0001,长和,综合
李泽鉅掌握万亿皇国后发布首个业绩  市场给予甚么评价？,https://news.10jqka.com.cn/m610412362/,1553245413,新闻,中性,"50021545_长实集团,50005116_零售业",HK0001,长和,综合
杰富瑞：若淡马锡售10%屈臣氏持股 长和净资产将升15%,https://news.10jqka.com.cn/m610409446/,1553240709,新闻,利好,"50005456_净资产,50022150_长和",HK0001,长和,综合
李泽钜谈长和系投资逻辑：要看盈利质素,https://m.jiemian.com/article/2972702.html,1553239583,新闻,中性,"50000308_公司投资,50022150_长和",HK0001,长和,综合
港股恒指高开0.35% 蒙牛乳业涨2.26%领涨蓝筹,https://news.10jqka.com.cn/m610399981/,1553218324,新闻,利好,"50007514_港股,50007824_恒生指数",HK0001,长和,综合
长和去年多赚11%派息增11% 若淡马锡售屈臣氏会支持,https://news.10jqka.com.cn/m610398390/,1553213742,新闻,中性,"50022150_长和,50000276_分红派息",HK0001,长和,综合
李泽钜：长实多赚33%末期息增12% 李思德仍是小女生,https://news.10jqka.com.cn/m610398381/,1553213528,新闻,中性,"50000652_项目投资,50000445_资产收购",HK0001,长和,综合
李泽钜谈长和系投资逻辑：要看盈利质素,https://news.10jqka.com.cn/m610398356/,1553213112,新闻,中性,"50000308_公司投资,50022150_长和",HK0001,长和,综合
李泽钜首次以主席身份出席业绩会 表示担任主席后将秉承一贯策略,https://news.10jqka.com.cn/m610397180/,1553176587,新闻,中性,"50001227_房地产,50004955_李嘉诚",HK0001,长和,综合
长和执行董事霍建宁：支持淡马锡出售部分屈臣氏股权,https://news.10jqka.com.cn/m610397139/,1553175997,新闻,中性,50022150_长和,HK0001,长和,综合
长和去年盈利390亿港元 同比升11%,https://news.10jqka.com.cn/m610396891/,1553172529,新闻,中性,"50022150_长和,50006702_业绩上升",HK0001,长和,综合
淡马锡要卖屈臣氏股份？李嘉诚长子这么说,https://m.21jingji.com/article/20190321/herald/44805fcca1d89943ca2bc4261b5e84f6.html,1553165861,新闻,中性,"50004955_李嘉诚,50005782_新加坡",HK0001,长和,综合
长和系海外豪买资产 最大海外收购项目遭否决 李嘉诚长子佛系表态“从无志在必得”,https://m.21jingji.com/article/20190321/herald/7a63b21c2f1680a3e3a02e8f7b68be71.html,1553165553,新闻,中性,"50000445_资产收购,50004955_李嘉诚",HK0001,长和,综合
李泽巨培养长女入长和系,https://news.10jqka.com.cn/m610390075/,1553163317,新闻,中性,50022150_长和,HK0001,长和,综合
大摩：传腾讯竞购屈臣氏 长和目标价有上行5%空间,https://news.10jqka.com.cn/m610388705/,1553162006,新闻,利好,"50001089_腾讯,50009612_目标价",HK0001,长和,综合
李泽钜：香港楼市很难预测 我们会很在意盈利质量,https://news.10jqka.com.cn/m610386227/,1553159578,新闻,中性,"50013945_新浪财经,50001227_房地产",HK0001,长和,综合
长和年度股东应占溢利增11%至390亿港元 末期息每股2.3港元,https://news.10jqka.com.cn/m610386030/,1553159401,新闻,中性,"50022150_长和,50007024_EBITDA",HK0001,长和,综合
长和：2018年净利390亿港元 同比增长11%,https://news.10jqka.com.cn/m610385360/,1553158765,新闻,中性,"50006702_业绩上升,50000428_年度报告",HK0001,长和,综合
港股收评：恒指午后跳水收跌0.85% 多只成分股业绩不佳,https://news.10jqka.com.cn/m610384231/,1553155853,新闻,,"50007824_恒生指数,50007514_港股",HK0001,长和,综合
李泽巨接掌长和系首份业绩市场料长和盈利增长9%,https://news.10jqka.com.cn/m610379523/,1553146979,新闻,利好,"50006702_业绩上升,50022150_长和",HK0001,长和,综合
恒基地产李兆基考虑退休 五千亿王国将交两子接掌,https://news.10jqka.com.cn/m610371087/,1553128436,新闻,中性,"50021515_恒基地产,50000290_高管变更",HK0001,长和,综合
里昂：升长和目标价至86元 评级“跑赢大市”,https://news.10jqka.com.cn/m610351946/,1553059660,新闻,中性,"50017156_跑赢大市评级,50009612_目标价",HK0001,长和,综合
中航国际被长和减持26.4万股,https://news.10jqka.com.cn/m610351561/,1553053799,新闻,利空,"50000015_股东减持,50022150_长和",HK0001,长和,综合
摩根士丹利：给予增持评级，目标价106元,https://news.10jqka.com.cn/m610292495/,1552793478,新闻,,50000314_港股公司研究,HK0001,长和,综合
大摩：予长和评级“增持” 目标价106元,https://news.10jqka.com.cn/m610265461/,1552566731,新闻,中性,"50000031_增持评级,50009612_目标价",HK0001,长和,综合
美银美林：下调长和目标价至100元 重申“买入”评级,https://news.10jqka.com.cn/m610241924/,1552531188,新闻,利空,"50006563_美银美林,50000030_买入评级",HK0001,长和,综合
2019全球房地产富豪榜：许家印登顶 美国总统也上榜了,https://news.10jqka.com.cn/m610215012/,1552455067,新闻,中性,"50001227_房地产,50007387_美国总统",HK0001,长和,综合
半导体行业硬核科技代表：半导体设备重装上阵,https://news.10jqka.com.cn/m610168568/,1552281434,新闻,中性,"50001213_半导体,50009730_供应商",HK0001,长和,综合
长和旗下欧洲3集团将联手西班牙电信 为大型企业提供数位通讯解决方案,https://news.10jqka.com.cn/m610050500/,1551699246,新闻,中性,"50005777_西班牙,50001050_通信设备",HK0001,长和,综合
香港恒生指数低开0.13% 中国人民保险集团跌近3%,https://news.10jqka.com.cn/m609973781/,1551316927,新闻,,"50023044_中国人民保险集团,50007824_恒生指数",HK0001,长和,综合
春节成互联网下沉“竞技场” “四大天王”已然崛起,https://news.10jqka.com.cn/m609647278/,1549964290,新闻,中性,"50004998_春节,50019189_拼多多",HK0001,长和,综合
张忆东看好年中猪价蓄力反转 中粮肉食上探至近两年新高,https://news.10jqka.com.cn/m609636466/,1549942521,新闻,中性,"50023404_中粮肉食,50014154_生猪价格",HK0001,长和,综合
李嘉诚23岁孙女出任家族地产公司兆丰地产董事,https://news.10jqka.com.cn/m609468654/,1548657352,新闻,中性,50004955_李嘉诚,HK0001,长和,综合
吸引万达、万科、碧桂园、保利  纷纷转战的“大健康” 究竟什么来头,https://news.10jqka.com.cn/m609459085/,1548562470,新闻,中性,"50004672_万达商管,50022136_碧桂园",HK0001,长和,综合
李嘉诚旗下赫斯基能源终止389亿港元收购案 称市场有变,https://news.10jqka.com.cn/m609317162/,1547797359,新闻,,"50000445_资产收购,50004955_李嘉诚",HK0001,长和,综合
赫斯基决定不再收购MEG主要是市场环境有变,https://news.10jqka.com.cn/m609312131/,1547788235,新闻,中性,"50000445_资产收购,50005783_加拿大",HK0001,长和,综合
内房股千亿市值蒸发 一场佳源国际大跌80%引发的惨案,https://news.10jqka.com.cn/m609298183/,1547720684,新闻,利空,"50017341_股价暴跌,50008087_内房股",HK0001,长和,综合
港股收评：恒指大涨2% 科网、内险、教育等板块领涨,https://news.10jqka.com.cn/m609238124/,1547539825,新闻,热门,"50007514_港股,50007824_恒生指数",HK0001,长和,综合
中电控股：业绩增长依赖内地 重核电布局 享大湾区发展红利,https://news.10jqka.com.cn/m611043999/,1556090991,新闻,中性,"50021510_中电控股,50006702_业绩上升",HK0002,中电控股,电力
万科、绿城等多房企内部架构“巨变” 调整“阵痛”显现,https://news.10jqka.com.cn/m610906429/,1555486278,新闻,利空,"50001227_房地产,50001272_万科A",HK0002,中电控股,电力
韧性足 中电控股2019年将再度起航,https://news.10jqka.com.cn/m610086066/,1551854234,新闻,中性,"50021510_中电控股,50001045_电力业",HK0002,中电控股,电力
大和证券：目标价降1.1％至86港元，降至跑输大市评级,https://news.10jqka.com.cn/m610028280/,1551600085,新闻,,50000314_港股公司研究,HK0002,中电控股,电力
摩根士丹利：盈利符合预期，重申与大市同步评级,https://news.10jqka.com.cn/m610028213/,1551592885,新闻,,50000314_港股公司研究,HK0002,中电控股,电力
国泰君安证券(香港)：给予中电控股(00002.HK)“增持”评级 目标价95.00港元,https://news.10jqka.com.cn/m609986369/,1551339098,新闻,,"50000031_增持评级,50021510_中电控股",HK0002,中电控股,电力
中金公司：给予中电控股(00002.HK)“中性”评级 目标价90.27港元,https://news.10jqka.com.cn/m609955580/,1551259899,新闻,,"50000054_中性评级,50023179_中金公司",HK0002,中电控股,电力
中金公司：2018年业绩符合预期；每股股利以及股息支付率逐渐提升,https://news.10jqka.com.cn/m609953110/,1551256273,新闻,,50000314_港股公司研究,HK0002,中电控股,电力
中电控股：李锐波将退任董事,https://news.10jqka.com.cn/m609910495/,1551158976,新闻,利空,"50021510_中电控股,50000290_高管变更",HK0002,中电控股,电力
大和：调低中电目标价1.1%至86港元 评级降至“跑输大市”,https://news.10jqka.com.cn/m609909128/,1551152458,新闻,利空,50009612_目标价,HK0002,中电控股,电力
大摩：中电盈利符合预期 重申“与大市同步”评级,https://news.10jqka.com.cn/m609890050/,1551085192,新闻,中性,50021510_中电控股,HK0002,中电控股,电力
中电控股：燃料价格波动大年底与政府审视电价水平,https://news.10jqka.com.cn/m609889888/,1551084355,新闻,中性,"50013300_电价,50021510_中电控股",HK0002,中电控股,电力
中电控股年度总盈利减少4.9%至135.5亿港元 每股派息1.19港元,https://news.10jqka.com.cn/m609882377/,1551072341,新闻,利空,"50021510_中电控股,50000276_分红派息",HK0002,中电控股,电力
中电控股2018年度营运盈利升5.1%内地核电业务贡献升88.4%,https://news.10jqka.com.cn/m609882153/,1551071919,新闻,中性,"50010722_核电,50001045_电力业",HK0002,中电控股,电力
大和证券：目标价降至87港元，维持持有评级,https://news.10jqka.com.cn/m609607193/,1549810881,新闻,,50000314_港股公司研究,HK0002,中电控股,电力
大和：降中电目标价至87港元 维持“持有”评级,https://news.10jqka.com.cn/m609552005/,1548912459,新闻,中性,"50000054_中性评级,50009612_目标价",HK0002,中电控股,电力
大和证券：给予中电控股(00002.HK)“中性”评级 目标价92.00港元,https://news.10jqka.com.cn/m609330086/,1547863280,新闻,,"50000054_中性评级,50021510_中电控股",HK0002,中电控股,电力
大和证券：目标价92港元，维持持有评级,https://news.10jqka.com.cn/m609328649/,1547812886,新闻,,50000314_港股公司研究,HK0002,中电控股,电力
港中大为恒指成分股打分 这10家公司名列前茅,https://news.10jqka.com.cn/m609088165/,1546866646,新闻,中性,50007824_恒生指数,HK0002,中电控股,电力
最被看好十大港股：野村将中移动目标价升至102港元,https://news.10jqka.com.cn/m609077192/,1546850213,新闻,中性,"50009612_目标价,50007514_港股",HK0002,中电控股,电力
大和：予中电控股目标价92港元 评级“持有”,https://news.10jqka.com.cn/m609072106/,1546841895,新闻,中性,"50013300_电价,50000054_中性评级",HK0002,中电控股,电力
最新情报：瑞信怎样看公用事业股？买四只 卖四只,https://news.10jqka.com.cn/m608864226/,1545650345,新闻,中性,"50024960_公用事业,50000401_天然气",HK0002,中电控股,电力
4个维度解析美联储加息将如何影响港股 这类股票迎利好,https://news.10jqka.com.cn/m608820579/,1545358284,新闻,中性,"50007514_港股,50007555_美联储加息",HK0002,中电控股,电力
港股开盘前瞻：市场忧虑经济前景 港股或继续向下,https://news.10jqka.com.cn/m608819177/,1545353386,新闻,中性,"50007514_港股,50006105_暴跌",HK0002,中电控股,电力
光大新鸿基：中电控股于波动市况中具防守性建议买入,https://news.10jqka.com.cn/m608562193/,1544076273,新闻,中性,"50021510_中电控股,50021513_电能实业",HK0002,中电控股,电力
港股跌恒指幅扩大至0.4% 中资金融股跌幅靠前,https://news.10jqka.com.cn/m608380669/,1543285196,新闻,,"50007004_金融股,50007824_恒生指数",HK0002,中电控股,电力
港股沽空统计|11月22日,https://news.10jqka.com.cn/m608327281/,1542940022,新闻,中性,"50006787_沽空,50007514_港股",HK0002,中电控股,电力
大和：予香港公用股“中性”评级 粤投和煤气为抗通胀首选,https://news.10jqka.com.cn/m608280023/,1542778622,新闻,中性,"50025270_煤气,50008811_抗通胀概念",HK0002,中电控股,电力
港股沽空统计|11月20日,https://news.10jqka.com.cn/m608276625/,1542768602,新闻,中性,"50006787_沽空,50007514_港股",HK0002,中电控股,电力
国泰君安证券(香港)：给予中电控股(00002.HK)“增持”评级 目标价91.00港元,https://news.10jqka.com.cn/m608127888/,1542101476,新闻,,"50000031_增持评级,50021510_中电控股",HK0002,中电控股,电力
国泰君安证券(香港)：给予中电控股(00002.HK)“增持”评级 目标价95.00港元,https://news.10jqka.com.cn/m608067453/,1541750481,新闻,,"50000031_增持评级,50021510_中电控股",HK0002,中电控股,电力
花旗：澳洲政府要降电价 预计对中电控股盈利构成5-10%影响,https://news.10jqka.com.cn/m607761373/,1540446732,新闻,利空,"50013300_电价,50022988_花旗",HK0002,中电控股,电力
中金：首予中电“持有”评级 目标价90.27港元,https://news.10jqka.com.cn/m607756532/,1540433613,新闻,中性,"50000054_中性评级,50009612_目标价",HK0002,中电控股,电力
中金公司：稳定性提供防守价值，但估值已经反映,https://news.10jqka.com.cn/m607720888/,1540296108,新闻,,50000314_港股公司研究,HK0002,中电控股,电力
汇证料本港公用股跑赢大市 中华煤气及中电升约1%,https://news.10jqka.com.cn/m607646145/,1539915697,新闻,利好,"50025270_煤气,50015617_水务环保",HK0002,中电控股,电力
汇丰：公用股荐长建及长和 电能评级降至“持有“,https://news.10jqka.com.cn/m607631635/,1539853591,新闻,利空,"50022150_长和,50000030_买入评级",HK0002,中电控股,电力
中电控股前9月总售电量同比增0.2%至266.55亿度 每股派息0.61港元,https://news.10jqka.com.cn/m607535137/,1539594367,新闻,中性,"50000276_分红派息,50005773_印度",HK0002,中电控股,电力
大和予公用股中性评级 粤海投资获推荐买入现升近3%,https://news.10jqka.com.cn/m607396897/,1538977623,新闻,中性,"50023095_粤海投资,50000054_中性评级",HK0002,中电控股,电力
中电：受电力影响客户已缩减至7500名,https://news.10jqka.com.cn/m607195466/,1537254148,新闻,利空,,HK0002,中电控股,电力
中电控股破顶后倒跌 中电印度引入基金为策略性股东,https://news.10jqka.com.cn/m607130317/,1536890710,新闻,中性,"50005773_印度,50021510_中电控股",HK0002,中电控股,电力
中电控股引入CDPQ为中电印度持股40%的策略性股东,https://news.10jqka.com.cn/m607122661/,1536844221,新闻,,"50005773_印度,50021510_中电控股",HK0002,中电控股,电力
资金流入公用股避险 中电控股升近2%暂为最佳蓝筹,https://news.10jqka.com.cn/m607083234/,1536723866,新闻,中性,"50014170_蓝筹股,50021510_中电控股",HK0002,中电控股,电力
德银：升中电目标价至90元 评级“持有”,https://news.10jqka.com.cn/m606239384/,1533628118,新闻,,"50000054_中性评级,50015760_经营活动发生变化",HK0002,中电控股,电力
野村：中电业绩符预期予“中性”评级 较偏好长建,https://news.10jqka.com.cn/m606239211/,1533626711,新闻,,"50000054_中性评级,50015745_盈利能力下降",HK0002,中电控股,电力
汇丰：升中电目标价5.6%至95元 评级“持有”,https://news.10jqka.com.cn/m606234475/,1533622662,新闻,,"50000054_中性评级,50009612_目标价",HK0002,中电控股,电力
券商：中电最新评级及目标价(表),https://news.10jqka.com.cn/m606233305/,1533618459,新闻,,"50000030_买入评级,50000054_中性评级",HK0002,中电控股,电力
贯穿牛熊之间 看中电控股如何做到10倍涨幅收益,https://news.10jqka.com.cn/m606233164/,1533617021,新闻,,"50015526_市场预警,50021510_中电控股",HK0002,中电控股,电力
中电：预计2020年天然气燃料占比升至50%,https://news.10jqka.com.cn/m606238949/,1533549255,新闻,,"50015745_盈利能力下降,50000401_天然气",HK0002,中电控股,电力
瑞信：中电控股目标价73.5元 维持跑输大市投资评级,https://news.10jqka.com.cn/m606205582/,1533543131,新闻,利空,"50000308_公司投资,50021510_中电控股",HK0002,中电控股,电力
国泰君安证券(香港)：2018年年度业绩超出市场预期，维持“买入”评级,https://news.10jqka.com.cn/m610438859/,1553500877,新闻,,50000314_港股公司研究,HK0003,香港中华煤气,燃气
国君(香港)：中华煤气维持买入评级 目标价22.4港元,https://news.10jqka.com.cn/m610404524/,1553232377,新闻,中性,"50000030_买入评级,50005662_香港",HK0003,香港中华煤气,燃气
小摩：维持煤气减持 目标价14.9元,https://news.10jqka.com.cn/m610384425/,1553156957,新闻,利空,"50025270_煤气,50009612_目标价",HK0003,香港中华煤气,燃气
恒基地产李兆基考虑退休 五千亿王国将交两子接掌,https://news.10jqka.com.cn/m610371087/,1553128436,新闻,中性,"50021515_恒基地产,50000290_高管变更",HK0003,香港中华煤气,燃气
李兆基年事已高 考虑退任香港中华煤气主席一职,https://news.10jqka.com.cn/m610370667/,1553124811,新闻,利空,"50021511_香港中华煤气,50005662_香港",HK0003,香港中华煤气,燃气
香港中华煤气年度股东应占溢利增13.2%至93.13亿港元 每股派息23港仙,https://news.10jqka.com.cn/m610360734/,1553076056,新闻,中性,"50021511_香港中华煤气,50000276_分红派息",HK0003,香港中华煤气,燃气
中国鼎益丰被香港证监会勒令停牌 股价暴涨疑涉坐庄,https://news.10jqka.com.cn/m610158509/,1552091395,新闻,,"50007597_港证监,50001132_证监会",HK0003,香港中华煤气,燃气
华润燃气等七家巨头掘进天然气黄金时代 谁能笑到最后,https://news.10jqka.com.cn/m610026319/,1551497111,新闻,利好,"50000401_天然气,50023119_华润燃气",HK0003,香港中华煤气,燃气
大和：升煤气目标价至18.9港元 评级“跑赢大市”,https://news.10jqka.com.cn/m609911021/,1551160456,新闻,中性,"50025270_煤气,50017156_跑赢大市评级",HK0003,香港中华煤气,燃气
国企改革进行时！山西燃气集团重组按下“快进键”,https://news.10jqka.com.cn/m609894647/,1551091675,新闻,中性,"50006394_燃气,50000274_并购重组",HK0003,香港中华煤气,燃气
茅台、腾讯成了今年“牛市备胎”,https://news.10jqka.com.cn/m609881780/,1551071145,新闻,中性,"50001089_腾讯,50006953_牛市",HK0003,香港中华煤气,燃气
港中大为恒指成分股打分 这10家公司名列前茅,https://news.10jqka.com.cn/m609088165/,1546866646,新闻,中性,50007824_恒生指数,HK0003,香港中华煤气,燃气
大和：投资者看好电力、公用等防守型行业 中线首选粤投等四股,https://news.10jqka.com.cn/m608986487/,1546406008,新闻,中性,"50001045_电力业,50023100_新奥能源",HK0003,香港中华煤气,燃气
最新情报：瑞信怎样看公用事业股？买四只 卖四只,https://news.10jqka.com.cn/m608864226/,1545650345,新闻,中性,"50024960_公用事业,50000401_天然气",HK0003,香港中华煤气,燃气
4个维度解析美联储加息将如何影响港股 这类股票迎利好,https://news.10jqka.com.cn/m608820579/,1545358284,新闻,中性,"50007514_港股,50007555_美联储加息",HK0003,香港中华煤气,燃气
港股开盘前瞻：市场忧虑经济前景 港股或继续向下,https://news.10jqka.com.cn/m608819177/,1545353386,新闻,中性,"50007514_港股,50006105_暴跌",HK0003,香港中华煤气,燃气
大和：予香港公用股“中性”评级 粤投和煤气为抗通胀首选,https://news.10jqka.com.cn/m608280023/,1542778622,新闻,中性,"50025270_煤气,50008811_抗通胀概念",HK0003,香港中华煤气,燃气
港股沽空统计|11月20日,https://news.10jqka.com.cn/m608276625/,1542768602,新闻,中性,"50006787_沽空,50007514_港股",HK0003,香港中华煤气,燃气
香港中华煤气独董梁希文于10月11日离世,https://news.10jqka.com.cn/m607868053/,1540898660,新闻,中性,"50021511_香港中华煤气,50005662_香港",HK0003,香港中华煤气,燃气
煤气防守性强中线看17.5元,https://news.10jqka.com.cn/m607786658/,1540496148,新闻,中性,"50025270_煤气,50005117_贸易",HK0003,香港中华煤气,燃气
港股全周累跌240点四连挫 再试17个月低位,https://news.10jqka.com.cn/m607660996/,1539944007,新闻,,"50007514_港股,50007513_美股",HK0003,香港中华煤气,燃气
大和：港股调整时 应该买什么,https://news.10jqka.com.cn/m607650057/,1539932350,新闻,中性,"50007514_港股,50001045_电力业",HK0003,香港中华煤气,燃气
汇证料本港公用股跑赢大市 中华煤气及中电升约1%,https://news.10jqka.com.cn/m607646145/,1539915697,新闻,利好,"50025270_煤气,50015617_水务环保",HK0003,香港中华煤气,燃气
中华煤气向佛山水务环保公司注资5.5亿元人民币,https://news.10jqka.com.cn/m607577375/,1539729701,新闻,中性,"50025270_煤气,50015617_水务环保",HK0003,香港中华煤气,燃气
大和予公用股中性评级 粤海投资获推荐买入现升近3%,https://news.10jqka.com.cn/m607396897/,1538977623,新闻,中性,"50023095_粤海投资,50000054_中性评级",HK0003,香港中华煤气,燃气
大华继显：香港中华煤气沽售区间15.10至15.11港元,https://news.10jqka.com.cn/m607383108/,1538535988,新闻,,"50021511_香港中华煤气,50005662_香港",HK0003,香港中华煤气,燃气
大和：熊市选股留意两个原则  荐昆仑能源等6股,https://news.10jqka.com.cn/m607015995/,1536300871,新闻,中性,"50006954_熊市,50023135_昆仑能源",HK0003,香港中华煤气,燃气
中华煤气获独立非执董李国宝增持228万股,https://news.10jqka.com.cn/m606917453/,1535952192,新闻,,,HK0003,香港中华煤气,燃气
中华煤气获独立非执董李国宝增持60万股,https://news.10jqka.com.cn/m606916937/,1535951438,新闻,中性,,HK0003,香港中华煤气,燃气
中华煤气获独立非执董李国宝增持32万股,https://news.10jqka.com.cn/m606841104/,1535531179,新闻,,,HK0003,香港中华煤气,燃气
香港中华煤气昨日公布中期业绩 大行最低看至9.55港元,https://news.10jqka.com.cn/m606718957/,1534932374,新闻,中性,"50021511_香港中华煤气,50000426_半年报",HK0003,香港中华煤气,燃气
花旗：煤气估值已高  评级“沽售”,https://news.10jqka.com.cn/m606714364/,1534921794,新闻,,"50025270_煤气,50022988_花旗",HK0003,香港中华煤气,燃气
券商：香港中华煤气最新评级及目标价(表),https://news.10jqka.com.cn/m606709299/,1534907974,新闻,,"50021511_香港中华煤气,50009612_目标价",HK0003,香港中华煤气,燃气
香港中华煤气中期股东应占溢利同比增7.1%至47.89亿港元 每股派息12港仙,https://news.10jqka.com.cn/m606689118/,1534840869,新闻,,"50021511_香港中华煤气,50000276_分红派息",HK0003,香港中华煤气,燃气
大和：预计下半年中国风电及天然气业有强劲股价表现,https://news.10jqka.com.cn/m605621712/,1531305106,新闻,,"50000401_天然气,50011009_风电",HK0003,香港中华煤气,燃气
香港中华煤气(00003)派送13.99亿股红股,https://news.10jqka.com.cn/m605248574/,1529673005,新闻,,,HK0003,香港中华煤气,燃气
公用股全线反弹 港华煤气现飙超过2%破五十天线,https://news.10jqka.com.cn/m605160647/,1529475295,新闻,利好,"50005917_反弹,50013974_天线",HK0003,香港中华煤气,燃气
中华煤气(00003-HK)冀未来5年三分一盈利贡献来自新兴能源业务,https://news.10jqka.com.cn/m604911420/,1528268483,新闻,,"50000380_新能源,50025270_煤气",HK0003,香港中华煤气,燃气
中华煤气(00003-HK)：未来5年本港用气量将增最少3%,https://news.10jqka.com.cn/m604911187/,1528268400,新闻,,50025270_煤气,HK0003,香港中华煤气,燃气
港股气氛转好恒指六连涨 通讯设备股反弹,https://news.10jqka.com.cn/m604447544/,1526337510,新闻,,"50001050_通信设备,50007824_恒生指数",HK0003,香港中华煤气,燃气
高盛：港华煤气(00003)香港业务维稳 升目标价至11.9元,https://news.10jqka.com.cn/m603771316/,1522824866,新闻,,,HK0003,香港中华煤气,燃气
大摩：煤气(00003)去年业绩符预期 评级“与大市同步”,https://news.10jqka.com.cn/m603514020/,1521603578,新闻,,,HK0003,香港中华煤气,燃气
香港中华煤气(00003)年度净利润同比增12%至82.25亿港元 每股派息23港仙,https://news.10jqka.com.cn/m603497549/,1521535443,新闻,利好,,HK0003,香港中华煤气,燃气
港股复盘：三大股指收跌0.5% 金蝶狂飙炒业绩,https://news.10jqka.com.cn/m603415729/,1521025693,新闻,,,HK0003,香港中华煤气,燃气
大跌之时 港股高股息股票价值凸显,https://news.10jqka.com.cn/m602976291/,1518311783,新闻,利空,,HK0003,香港中华煤气,燃气
港股复盘：开年涨幅悉数抹去 恒指一周下挫3千点,https://news.10jqka.com.cn/m602970821/,1518178782,新闻,利空,,HK0003,香港中华煤气,燃气
最被看好十大港股：小摩维持瑞声科技目标价180元,https://news.10jqka.com.cn/m602311494/,1514971233,新闻,利好,,HK0003,香港中华煤气,燃气
[大行评级]大和：升煤气(00003.HK)目标价至16.3港元 重申”跑赢大市”评级,https://news.10jqka.com.cn/m602302111/,1514946545,新闻,利好,,HK0003,香港中华煤气,燃气
洞见港股新价值高峰论坛暨2017金港股上市公司评选,https://news.10jqka.com.cn/m602076382/,1513566461,新闻,,,HK0003,香港中华煤气,燃气
高盛：香港中华煤气(00003)估值过高 评级“沽售”,https://news.10jqka.com.cn/m602076303/,1513565712,新闻,利空,,HK0003,香港中华煤气,燃气
苏州一日土拍吸金135.7亿 诞生2个地王,https://news.10jqka.com.cn/m611058058/,1556109430,新闻,中性,"50001227_房地产,50022136_碧桂园",HK0004,九龙仓集团,地产投资
九龙仓集团被副主席周安桥减持5万股,https://news.10jqka.com.cn/m610767584/,1554895149,新闻,利空,"50000015_股东减持,50023094_九龙仓集团",HK0004,九龙仓集团,地产投资
荐买入九仓等 ：花旗对香港地产股最新投资评级及目标价（表）,https://news.10jqka.com.cn/m610619751/,1554191457,新闻,中性,"50001227_房地产,50022988_花旗",HK0004,九龙仓集团,地产投资
房企业绩众相：10家上市房企PK“第二战场” 租金增幅超营收1.5倍,https://m.jiemian.com/article/3001434.html,1554082396,新闻,中性,"50001227_房地产,50004672_万达商管",HK0004,九龙仓集团,地产投资
一成房企未完成年度目标 开发商谨慎制定今年任务,http://m.chinatimes.net.cn/article/84890.html,1552659017,新闻,中性,"50001227_房地产,50023253_越秀地产",HK0004,九龙仓集团,地产投资
九龙仓集团获WheelockandCompany增持22万股,https://news.10jqka.com.cn/m610272661/,1552618535,新闻,中性,"50000002_股东增持,50023094_九龙仓集团",HK0004,九龙仓集团,地产投资
九龙仓集团去年基础净盈利65亿港元 同比降59%,https://news.10jqka.com.cn/m610246071/,1552536959,新闻,利空,"50021549_九龙仓置业,50023094_九龙仓集团",HK0004,九龙仓集团,地产投资
九龙仓集团进退失据 “粮库”不足被动下调年度销售目标,https://news.10jqka.com.cn/m610237937/,1552524020,新闻,,"50023094_九龙仓集团,50001227_房地产",HK0004,九龙仓集团,地产投资
错失大湾区机遇？ 九龙仓下调销售目标,https://news.10jqka.com.cn/m610236654/,1552483972,新闻,利空,"50023094_九龙仓集团,50001227_房地产",HK0004,九龙仓集团,地产投资
野村：下调会德丰目标价至68.6元 评级“买入”,https://news.10jqka.com.cn/m610214278/,1552445968,新闻,中性,"50023062_会德丰,50000030_买入评级",HK0004,九龙仓集团,地产投资
九龙仓“母子分离”共渡难关 二级市场为何两副面孔？,https://news.10jqka.com.cn/m610210517/,1552443541,新闻,中性,"50018492_二级市场,50021549_九龙仓置业",HK0004,九龙仓集团,地产投资
新城控股、首创置业等房企集中降速 防风险成重任,https://news.10jqka.com.cn/m610208329/,1552435682,新闻,中性,"50001227_房地产,50004108_新城控股",HK0004,九龙仓集团,地产投资
地产盈利大幅下滑 偏科的九龙仓能否扭转业绩颓势,https://news.10jqka.com.cn/m610168554/,1552281317,新闻,利空,"50023094_九龙仓集团,50021549_九龙仓置业",HK0004,九龙仓集团,地产投资
吴天海：九龙仓集团需要一点时间去转身,https://news.10jqka.com.cn/m610158074/,1552055063,新闻,中性,"50023094_九龙仓集团,50001227_房地产",HK0004,九龙仓集团,地产投资
联昌国际：给予九龙仓集团(00004.HK)“中性”评级 目标价23.20港元,https://news.10jqka.com.cn/m610142790/,1552035691,新闻,,"50000054_中性评级,50009612_目标价",HK0004,九龙仓集团,地产投资
高盛：九龙仓予目标价34.14元与“买入”评级,https://news.10jqka.com.cn/m610142642/,1552034312,新闻,中性,"50000030_买入评级,50004978_高盛集团",HK0004,九龙仓集团,地产投资
九龙仓集团：负责内地地产业务 调低全年销售目标因“没货”,https://news.10jqka.com.cn/m610142002/,1552029299,新闻,利空,"50023094_九龙仓集团,50001227_房地产",HK0004,九龙仓集团,地产投资
九龙仓集团：营收下滑13% 内地投资亮点多多,https://news.10jqka.com.cn/m610141937/,1552028367,新闻,利空,"50005449_营业收入,50023094_九龙仓集团",HK0004,九龙仓集团,地产投资
花旗：重申九仓“买入”评级 降目标价至29.1元,https://news.10jqka.com.cn/m610133675/,1552012505,新闻,中性,"50000030_买入评级,50009612_目标价",HK0004,九龙仓集团,地产投资
九龙仓集团：由于“缺货” 今年内地销售目标定为180亿元,https://news.10jqka.com.cn/m610131105/,1552001927,新闻,中性,"50001227_房地产,50021549_九龙仓置业",HK0004,九龙仓集团,地产投资
吴庭欣：九龙仓集团今年内地住宅销售目标180亿元,https://news.10jqka.com.cn/m610130093/,1551965825,新闻,中性,"50023094_九龙仓集团,50010132_销售额",HK0004,九龙仓集团,地产投资
九龙仓集团：将来会逐渐出售非香港收租物业,https://news.10jqka.com.cn/m610130031/,1551965341,新闻,中性,"50023094_九龙仓集团,50005662_香港",HK0004,九龙仓集团,地产投资
九龙仓集团2018年度净利润按年下跌69.72%每股派息0.4港元,https://news.10jqka.com.cn/m610112742/,1551940804,新闻,,"50000276_分红派息,50005450_净利润",HK0004,九龙仓集团,地产投资
九龙仓集团全年销售下跌16%至280亿港元 内地销售228亿,https://news.10jqka.com.cn/m610111644/,1551936205,新闻,利空,"50023094_九龙仓集团,50010132_销售额",HK0004,九龙仓集团,地产投资
若撇除分拆影响 九龙仓集团去年股东盈利减50%至66亿港元,https://news.10jqka.com.cn/m610111637/,1551936178,新闻,,"50023094_九龙仓集团,50021549_九龙仓置业",HK0004,九龙仓集团,地产投资
九龙仓集团2018年纯利减少69.72%至66.23亿港元,https://news.10jqka.com.cn/m610111404/,1551935203,新闻,中性,,HK0004,九龙仓集团,地产投资
T1“天际”办公楼承租过半 重庆国金中心再推高区办公空间,https://news.10jqka.com.cn/m610002302/,1551402664,新闻,中性,"50005661_重庆,50024064_标签",HK0004,九龙仓集团,地产投资
阳光100获4亿信用贷 华润39亿美元中票拟上市,https://news.10jqka.com.cn/m609576219/,1548979871,新闻,中性,"50019373_信用贷,50006213_美元(USD)",HK0004,九龙仓集团,地产投资
九龙仓获汇丰20亿港元绿色贷款 将投资于成都IFS,https://news.10jqka.com.cn/m609557881/,1548922856,新闻,中性,"50013531_贷款,50005725_成都",HK0004,九龙仓集团,地产投资
摩根士丹利：目标价27港元，给予增持评级,https://news.10jqka.com.cn/m609303467/,1547726516,新闻,,"50000031_增持评级,50022800_摩根士丹利",HK0004,九龙仓集团,地产投资
摩根士丹利：给予九龙仓集团(00004.HK)“增持”评级 目标价27.00港元,https://news.10jqka.com.cn/m609296945/,1547719357,新闻,,"50000031_增持评级,50022800_摩根士丹利",HK0004,九龙仓集团,地产投资
大摩：九龙仓目标价27港元 给予增持评级,https://news.10jqka.com.cn/m609212410/,1547451986,新闻,中性,"50000031_增持评级,50009612_目标价",HK0004,九龙仓集团,地产投资
大摩：予九仓目标价27港元 评级“增持”,https://news.10jqka.com.cn/m609212018/,1547449218,新闻,中性,"50000031_增持评级,50009612_目标价",HK0004,九龙仓集团,地产投资
大摩：预计今年香港楼价升2% 看好新地及嘉里建设,https://news.10jqka.com.cn/m609207819/,1547443237,新闻,中性,"50001227_房地产,50023132_嘉里建设",HK0004,九龙仓集团,地产投资
大和：香港地产股予正面看法 给予长实等5股买入评级,https://news.10jqka.com.cn/m609177983/,1547183355,新闻,中性,"50001227_房地产,50005662_香港",HK0004,九龙仓集团,地产投资
中远海运港口与九龙仓附属等签署香港海港联合操作联盟协议,https://news.10jqka.com.cn/m609113761/,1546959441,新闻,中性,"50023275_中远海运港口,50000279_签订协议",HK0004,九龙仓集团,地产投资
最被看好十大港股：野村将中移动目标价升至102港元,https://news.10jqka.com.cn/m609077192/,1546850213,新闻,中性,"50009612_目标价,50007514_港股",HK0004,九龙仓集团,地产投资
小摩：预计香港楼价第二季起复苏 增持信和置业等六股,https://news.10jqka.com.cn/m609072174/,1546842174,新闻,中性,"50021522_信和置业,50000002_股东增持",HK0004,九龙仓集团,地产投资
九龙仓集团被副主席兼董事周安桥减持2.8万股,https://news.10jqka.com.cn/m608614811/,1544420176,新闻,利空,"50000014_高管减持,50000015_股东减持",HK0004,九龙仓集团,地产投资
野村：香港地产商在弱市下有抗跌力 推荐新地信置等股,https://news.10jqka.com.cn/m608587115/,1544161608,新闻,利好,50005662_香港,HK0004,九龙仓集团,地产投资
九龙仓集团被副主席周安桥减持2万股,https://news.10jqka.com.cn/m608462315/,1543558889,新闻,利空,"50000015_股东减持,50015855_股份减持",HK0004,九龙仓集团,地产投资
周安桥月内四度减持九龙仓股份 涉资约341万港元,https://news.10jqka.com.cn/m608456624/,1543542893,新闻,利空,50023094_九龙仓集团,HK0004,九龙仓集团,地产投资
绿城中国为京项目引入招商局地产与首创置业附属为股东,https://news.10jqka.com.cn/m608351891/,1543142224,新闻,中性,50023254_绿城中国,HK0004,九龙仓集团,地产投资
周安桥11月8次减持九龙仓共计33.8万股 持股数量减至301万股,https://news.10jqka.com.cn/m608349541/,1542976321,新闻,利空,"50023094_九龙仓集团,50015855_股份减持",HK0004,九龙仓集团,地产投资
周安桥再减持九龙仓4万股 套现83.6万港元,https://news.10jqka.com.cn/m608325923/,1542935086,新闻,利空,"50015855_股份减持,50000015_股东减持",HK0004,九龙仓集团,地产投资
港股沽空统计|11月20日,https://news.10jqka.com.cn/m608276625/,1542768602,新闻,中性,"50006787_沽空,50007514_港股",HK0004,九龙仓集团,地产投资
九龙仓集团被副主席周安桥减持5万股,https://news.10jqka.com.cn/m608225600/,1542596507,新闻,利空,"50000015_股东减持,50015855_股份减持",HK0004,九龙仓集团,地产投资
九龙仓集团被副主席周安桥减持2万股,https://news.10jqka.com.cn/m608169512/,1542250118,新闻,利空,,HK0004,九龙仓集团,地产投资
汇丰：首予九龙仓集团“减持”评级 目标价17港元,https://news.10jqka.com.cn/m608144219/,1542168973,新闻,利空,"50023094_九龙仓集团,50000055_减持评级",HK0004,九龙仓集团,地产投资
汇丰控股：未来主要以收入带动业绩增长,https://news.10jqka.com.cn/m611193091/,1556884078,新闻,中性,"50006702_业绩上升,50021512_汇丰控股",HK0005,汇丰控股,银行
汇丰控股：期望今年员工数目维持平稳,https://news.10jqka.com.cn/m611193087/,1556884028,新闻,中性,"50021512_汇丰控股,50004908_英国脱欧",HK0005,汇丰控股,银行
高盛升汇控目标价至78元 重申买入评级,https://news.10jqka.com.cn/m611192952/,1556872107,新闻,中性,"50004978_高盛集团,50009612_目标价",HK0005,汇丰控股,银行
大摩：汇控季绩全方位强劲 重申“增持”评级,https://news.10jqka.com.cn/m611192949/,1556872011,新闻,中性,50000031_增持评级,HK0005,汇丰控股,银行
港股收评：港股恒指重返30000点关口 金诚控股近3日暴跌85%,https://news.10jqka.com.cn/m611192934/,1556871157,新闻,热门,"50007824_恒生指数,50007514_港股",HK0005,汇丰控股,银行
汇丰控股将于2019年中公布股份回购决定,https://news.10jqka.com.cn/m611192884/,1556862505,新闻,中性,"50000643_股份回购,50021512_汇丰控股",HK0005,汇丰控股,银行
汇丰控股零售银行财富管理突出税前利润同比涨近19%,https://news.10jqka.com.cn/m611192873/,1556862216,新闻,中性,"50008562_资产管理,50021512_汇丰控股",HK0005,汇丰控股,银行
汇丰将在半年度时公布2019年股票回购决定,https://news.10jqka.com.cn/m611192853/,1556859158,新闻,,"50000643_股份回购,50000306_股份变动",HK0005,汇丰控股,银行
传汇丰控股检讨成本或涉裁员,https://news.10jqka.com.cn/m611130983/,1556507682,新闻,利空,50021512_汇丰控股,HK0005,汇丰控股,银行
沪港深基金一季度“填坑”秘诀：先梭哈券商 再重仓猪肉,https://news.10jqka.com.cn/m611086999/,1556203744,新闻,中性,"50014150_猪肉,50000125_券商重仓股",HK0005,汇丰控股,银行
大摩：预计汇控首季经调整税前利润少赚6% 维持“增持”评级,https://news.10jqka.com.cn/m611086929/,1556203552,新闻,利好,"50000031_增持评级,50006702_业绩上升",HK0005,汇丰控股,银行
汇丰亚洲增持汇丰沙地阿拉伯至51%股权,https://news.10jqka.com.cn/m610979536/,1555887204,新闻,中性,"50007442_亚洲,50005770_英国",HK0005,汇丰控股,银行
汇丰控股委任葛伟治为公司秘书长,https://news.10jqka.com.cn/m610947845/,1555591383,新闻,中性,50021512_汇丰控股,HK0005,汇丰控股,银行
4家上市险企一季度保费超5000亿元 券商预计上市险企一季度净利润将大增,https://news.10jqka.com.cn/m610895039/,1555454738,新闻,中性,"50005450_净利润,50000425_一季报",HK0005,汇丰控股,银行
4家上市险企首季保费超5000亿元 券商预计归母公司净利普遍大增,https://news.10jqka.com.cn/m610893568/,1555417300,新闻,中性,"50005450_净利润,50004171_中国人寿",HK0005,汇丰控股,银行
汇丰控股拟于7月派发2019年度第一次股息,https://news.10jqka.com.cn/m610882621/,1555407681,新闻,中性,50021512_汇丰控股,HK0005,汇丰控股,银行
汇丰控股：5月3日召开董事会议 审议首季盈利及派息,https://news.10jqka.com.cn/m610881223/,1555406638,新闻,中性,"50021512_汇丰控股,50000276_分红派息",HK0005,汇丰控股,银行
trytry集团及美图美妆与汇丰银行三方联手 打造美妆零售行业发展新趋势,https://news.10jqka.com.cn/m610872983/,1555396187,新闻,利好,"50013271_汇丰银行,50005116_零售业",HK0005,汇丰控股,银行
汇控股东会否决一项削减退休金建议,https://news.10jqka.com.cn/m610835190/,1555079647,新闻,利空,,HK0005,汇丰控股,银行
汇丰控股：埃文斯退任董事,https://news.10jqka.com.cn/m610835082/,1555078313,新闻,利空,"50000610_董事变更,50021512_汇丰控股",HK0005,汇丰控股,银行
汇控：世界经济前景较一年前更难预测,https://news.10jqka.com.cn/m610834685/,1555074777,新闻,利空,"50018563_全球经济,50005768_美国",HK0005,汇丰控股,银行
汇丰控股英国举行股东会提问,https://news.10jqka.com.cn/m610834495/,1555072929,新闻,中性,"50021512_汇丰控股,50005770_英国",HK0005,汇丰控股,银行
滙丰控股 ：亚洲低碳金融市场为本世纪全球投资重点,https://news.10jqka.com.cn/m610832972/,1555069375,新闻,中性,"50014305_碳金融,50007442_亚洲",HK0005,汇丰控股,银行
汇丰控股：亚洲低碳金融市场为本世纪全球投资重点,https://news.10jqka.com.cn/m610830602/,1555067415,新闻,中性,"50021512_汇丰控股,50014305_碳金融",HK0005,汇丰控股,银行
汇丰控股折让5.09%发行1.41亿股代息股份,https://news.10jqka.com.cn/m610739919/,1554807712,新闻,中性,"50021512_汇丰控股,50000762_上市发行价",HK0005,汇丰控股,银行
美联储提出一项针对大型外国银行的新风险监管规则,https://news.10jqka.com.cn/m610715916/,1554765194,新闻,,"50007558_美联储,50005768_美国",HK0005,汇丰控股,银行
高盛：中银香港从确信买入中移出 重申渣打汇控买入,https://news.10jqka.com.cn/m610697852/,1554708962,新闻,,"50021555_中银香港,50004978_高盛集团",HK0005,汇丰控股,银行
港股向上不断试顶 31000点上方才面临真正阻力,https://news.10jqka.com.cn/m610688006/,1554685329,新闻,中性,"50007514_港股,50007824_恒生指数",HK0005,汇丰控股,银行
汇控：将维持派息政策力求回馈股东和业务发展之平衡,https://news.10jqka.com.cn/m610681436/,1554378398,新闻,中性,"50000276_分红派息,50004908_英国脱欧",HK0005,汇丰控股,银行
汇丰董事长：没有搬迁总部计划 未来总部仍留在英国,https://news.10jqka.com.cn/m610673120/,1554369965,新闻,中性,50005770_英国,HK0005,汇丰控股,银行
港股收评：恒指剑指30000点整数关口 创去年6月19日以来新高,https://news.10jqka.com.cn/m610645242/,1554279279,新闻,利好,"50007514_港股,50007824_恒生指数",HK0005,汇丰控股,银行
港股午评：港股恒指涨0.86%冲击30000点 腾讯系集体爆发,https://news.10jqka.com.cn/m610640104/,1554265275,新闻,利好,"50001089_腾讯,50007824_恒生指数",HK0005,汇丰控股,银行
港股再创逾九个月高位 上升160点报29785点,https://news.10jqka.com.cn/m610636004/,1554256179,新闻,中性,"50007514_港股,50021546_友邦保险",HK0005,汇丰控股,银行
日常消费品：行业增速放缓荐3股,https://news.10jqka.com.cn/m610596976/,1554104159,新闻,,"50024955_日常消费品,50000585_白酒",HK0005,汇丰控股,银行
汇丰控股将于4月8日派发第四次股息每股0.21美元,https://news.10jqka.com.cn/m610460303/,1553520851,新闻,中性,"50021512_汇丰控股,50006213_美元(USD)",HK0005,汇丰控股,银行
汇控削减执行董事退休金津贴,https://news.10jqka.com.cn/m610291877/,1552720138,新闻,中性,,HK0005,汇丰控股,银行
汇丰控股合计授出2462.89万股业绩表现股份及有限制股份奖励,https://news.10jqka.com.cn/m610264369/,1552564020,新闻,中性,"50026833_股份奖励计划,50021512_汇丰控股",HK0005,汇丰控股,银行
国泰君安证券(香港)：基本面仍向好，维持“收集”,https://news.10jqka.com.cn/m610208284/,1552435286,新闻,,50000314_港股公司研究,HK0005,汇丰控股,银行
汇丰控股3月11日因股权激励及优先认股计划而增发1496.45万股,https://news.10jqka.com.cn/m610202812/,1552387977,新闻,中性,"50000024_定向增发,50000762_上市发行价",HK0005,汇丰控股,银行
海通证券：重塑动能，创造价值,https://news.10jqka.com.cn/m610169041/,1552284092,新闻,,50000314_港股公司研究,HK0005,汇丰控股,银行
汇丰控股集团行政总裁：我们将在中国迎来更多机遇,https://news.10jqka.com.cn/m610158923/,1552098468,新闻,中性,"50021512_汇丰控股,50007744_中国发展高层论坛",HK0005,汇丰控股,银行
德意志银行：目标价下调至53.4港元，给予沽售评级,https://news.10jqka.com.cn/m610157411/,1552046495,新闻,,50000314_港股公司研究,HK0005,汇丰控股,银行
德意志银行：给予汇丰控股(00005.HK)“减持”评级 目标价53.40港元,https://news.10jqka.com.cn/m610148230/,1552041089,新闻,,"50000015_股东减持,50000055_减持评级",HK0005,汇丰控股,银行
汇丰控股大中华新囤兵3000强化区内国际业务,https://news.10jqka.com.cn/m610073981/,1551785339,新闻,中性,"50021512_汇丰控股,50006702_业绩上升",HK0005,汇丰控股,银行
花旗：中期港银会跑赢恒指 中银香港为首选,https://news.10jqka.com.cn/m610061118/,1551764116,新闻,中性,"50022988_花旗,50021555_中银香港",HK0005,汇丰控股,银行
花旗列对港银股最新评级  降恒生目标价至195元,https://news.10jqka.com.cn/m610060835/,1551762622,新闻,中性,"50022988_花旗,50009612_目标价",HK0005,汇丰控股,银行
汇丰控股获准联交所授权以发行或有可转换证券,https://news.10jqka.com.cn/m610046152/,1551694455,新闻,中性,50021512_汇丰控股,HK0005,汇丰控股,银行
汇丰重夺现楼按揭银行市场占有率冠军 中银香港重返亚军,https://news.10jqka.com.cn/m610026067/,1551493068,新闻,中性,"50010577_市场占有率,50013511_按揭",HK0005,汇丰控股,银行
德银：下调汇控目标价至53.4港元 评级“沽售”,https://news.10jqka.com.cn/m610013622/,1551424624,新闻,,"50005322_德意志银行,50000061_卖出评级",HK0005,汇丰控股,银行
午市前瞻：港股有望上试29000点 冀内地利好政策出台,https://news.10jqka.com.cn/m610008952/,1551417477,新闻,中性,"50007514_港股,50001075_MSCI概念",HK0005,汇丰控股,银行
最被看好十大港股：瑞信大升比亚迪目标价22%至70港元,https://news.10jqka.com.cn/m610940738/,1555583475,新闻,中性,"50002329_比亚迪,50007514_港股",HK0006,电能实业,电力
国安(香港)：电能实业维持收集评级 目标价57港元,https://news.10jqka.com.cn/m610404552/,1553232647,新闻,中性,"50021513_电能实业,50009612_目标价",HK0006,电能实业,电力
港股收评：恒指午后跳水收跌0.85% 多只成分股业绩不佳,https://news.10jqka.com.cn/m610384231/,1553155853,新闻,,"50007824_恒生指数,50007514_港股",HK0006,电能实业,电力
花旗：下调电能目标价至64元 评级“买入”,https://news.10jqka.com.cn/m610379354/,1553145785,新闻,利空,"50022988_花旗,50004980_花旗集团",HK0006,电能实业,电力
电能实业年度股东应占溢利跌8.2%至76.36亿港元 每股派2.03港元,https://news.10jqka.com.cn/m610357321/,1553072023,新闻,利空,50021513_电能实业,HK0006,电能实业,电力
大和：削长江基建目标价至73元 维持“买入”评级,https://news.10jqka.com.cn/m609680566/,1550064225,新闻,中性,"50006186_基础设施建设,50009612_目标价",HK0006,电能实业,电力
大和：降电能实业目标价至49.8元 维持“跑输大市”,https://news.10jqka.com.cn/m609614346/,1549862519,新闻,利空,"50021513_电能实业,50009612_目标价",HK0006,电能实业,电力
建银国际：汇控等英国业务较重的港股表现取决于英国脱欧变化,https://news.10jqka.com.cn/m609364006/,1548134329,新闻,中性,"50004908_英国脱欧,50007514_港股",HK0006,电能实业,电力
电能实业被长江和记实业减持4380万股,https://news.10jqka.com.cn/m609308165/,1547778617,新闻,利空,"50021513_电能实业,50000015_股东减持",HK0006,电能实业,电力
国泰君安证券(香港)：目标价60港元，予收集评级,https://news.10jqka.com.cn/m609304945/,1547769689,新闻,,"50009612_目标价,50005662_香港",HK0006,电能实业,电力
国泰君安(香港)：电能实业目标价60港元 予收集评级,https://news.10jqka.com.cn/m609195553/,1547216521,新闻,中性,"50021513_电能实业,50009612_目标价",HK0006,电能实业,电力
德银：长建短期不会再减持电能  维持两股“持有”评级,https://news.10jqka.com.cn/m609182802/,1547192980,新闻,中性,"50005322_德意志银行,50000054_中性评级",HK0006,电能实业,电力
瑞银：长建减持电能降低负债率 予“中性”评级及目标价62港元,https://news.10jqka.com.cn/m609158275/,1547109630,新闻,利空,"50015699_评级下调,50000054_中性评级",HK0006,电能实业,电力
国泰君安证券(香港)：给予电能实业(00006.HK)“增持”评级 目标价60.00港元,https://news.10jqka.com.cn/m609156861/,1547105480,新闻,,"50000031_增持评级,50005662_香港",HK0006,电能实业,电力
电能实业跌超1% 控股股东长江基建出售4380万股,https://m.yicai.com/news/100096152.html,1547099272,新闻,利空,"50015855_股份减持,50021513_电能实业",HK0006,电能实业,电力
电能实业：大股东长江基建出售公司4380万股,https://news.10jqka.com.cn/m609142514/,1547079269,新闻,利空,"50006186_基础设施建设,50015855_股份减持",HK0006,电能实业,电力
电能及长建向英国发电公司增资7.7亿,https://news.10jqka.com.cn/m608820595/,1545358407,新闻,中性,"50005770_英国,50000751_新股",HK0006,电能实业,电力
4个维度解析美联储加息将如何影响港股 这类股票迎利好,https://news.10jqka.com.cn/m608820579/,1545358284,新闻,中性,"50007514_港股,50007555_美联储加息",HK0006,电能实业,电力
港股开盘前瞻：市场忧虑经济前景 港股或继续向下,https://news.10jqka.com.cn/m608819177/,1545353386,新闻,中性,"50007514_港股,50006105_暴跌",HK0006,电能实业,电力
电能实业与长江基建分别向Sino Task增资3900.55万英镑,https://news.10jqka.com.cn/m608815454/,1545305772,新闻,中性,"50006186_基础设施建设,50021513_电能实业",HK0006,电能实业,电力
弱市避风港！近400家港股公司股息率超5% 半数跑赢大盘,https://news.10jqka.com.cn/m608769032/,1545137938,新闻,利好,"50007388_股息率,50007514_港股",HK0006,电能实业,电力
港股收评：恒指收跌2.5%险守26000点 内地医药股全线大跌 ,https://news.10jqka.com.cn/m608566706/,1544084289,新闻,热门,"50007824_恒生指数,50007514_港股",HK0006,电能实业,电力
光大新鸿基：中电控股于波动市况中具防守性建议买入,https://news.10jqka.com.cn/m608562193/,1544076273,新闻,中性,"50021510_中电控股,50021513_电能实业",HK0006,电能实业,电力
长实集团巨资收购失败地产撤退迹象渐显,https://news.10jqka.com.cn/m608487717/,1543808087,新闻,利空,"50021545_长实集团,50000445_资产收购",HK0006,电能实业,电力
大和：予香港公用股“中性”评级 粤投和煤气为抗通胀首选,https://news.10jqka.com.cn/m608280023/,1542778622,新闻,中性,"50025270_煤气,50008811_抗通胀概念",HK0006,电能实业,电力
高盛：重申长江基建“买入”评级 目标价73港元,https://news.10jqka.com.cn/m608279104/,1542770046,新闻,中性,"50004978_高盛集团,50000030_买入评级",HK0006,电能实业,电力
港股沽空统计|11月20日,https://news.10jqka.com.cn/m608276625/,1542768602,新闻,中性,"50006787_沽空,50007514_港股",HK0006,电能实业,电力
长和、长江基建等组成的财团终止收购APA,https://news.10jqka.com.cn/m608270788/,1542715260,新闻,中性,"50000445_资产收购,50006186_基础设施建设",HK0006,电能实业,电力
澳洲财长：长实财团收购APA不符国家利益,https://news.10jqka.com.cn/m608266106/,1542710426,新闻,中性,"50000445_资产收购,50021545_长实集团",HK0006,电能实业,电力
电能实业拟以1.17亿新西兰元认购新西兰配电公司WEDNHL 1.17亿股股份,https://news.10jqka.com.cn/m608217783/,1542371009,新闻,中性,"50019057_股权收购,50006186_基础设施建设",HK0006,电能实业,电力
长实集团：澳洲财长认为收购APA Group事项不符合其国家利益,https://news.10jqka.com.cn/m608016845/,1541582836,新闻,中性,"50021545_长实集团,50000445_资产收购",HK0006,电能实业,电力
长实回应收购澳洲APA集团遭否决：澳洲政府非针对我们,https://news.10jqka.com.cn/m608015004/,1541580285,新闻,利空,,HK0006,电能实业,电力
长实、长建及电能通过组财团收购澳洲APA,https://news.10jqka.com.cn/m607871797/,1540942227,新闻,中性,"50000445_资产收购,50021513_电能实业",HK0006,电能实业,电力
长实李泽钜：近期市况波动带来不少并购机会,https://news.10jqka.com.cn/m607849598/,1540871830,新闻,,"50000445_资产收购,50000274_并购重组",HK0006,电能实业,电力
港股全周累跌240点四连挫 再试17个月低位,https://news.10jqka.com.cn/m607660996/,1539944007,新闻,,"50007514_港股,50007513_美股",HK0006,电能实业,电力
汇证料本港公用股跑赢大市 中华煤气及中电升约1%,https://news.10jqka.com.cn/m607646145/,1539915697,新闻,利好,"50025270_煤气,50015617_水务环保",HK0006,电能实业,电力
大和予公用股中性评级 粤海投资获推荐买入现升近3%,https://news.10jqka.com.cn/m607396897/,1538977623,新闻,中性,"50023095_粤海投资,50000054_中性评级",HK0006,电能实业,电力
澳大利亚反垄断机构批准长和系93亿美元收购澳天然气管道商,https://m.thepaper.cn/newsDetail_forward_2435413,1536800570,新闻,中性,"50005780_澳大利亚,50000445_资产收购",HK0006,电能实业,电力
港股午评：港股恒指跌0.64% 银河娱乐领跌蓝筹,https://news.10jqka.com.cn/m606987521/,1536206766,新闻,利空,,HK0006,电能实业,电力
港股开盘：香港恒生指数开盘跌0.6% 腾讯跌2.7%,https://news.10jqka.com.cn/m606983969/,1536196962,新闻,热门,,HK0006,电能实业,电力
花旗调整公用股确信买入名单  华电和新奥替换华能润燃,https://news.10jqka.com.cn/m606961990/,1536122516,新闻,中性,,HK0006,电能实业,电力
花旗：料长建向长和买基建资产股权后提升盈利 吁“买入”,https://news.10jqka.com.cn/m606950480/,1536051812,新闻,中性,,HK0006,电能实业,电力
长和系欲豪掷约650亿元人民币全面收购澳最大天然气管道商,https://m.thepaper.cn/newsDetail_forward_2354471,1534422649,新闻,中性,"50006214_人民币(CNY),50022150_长和",HK0006,电能实业,电力
长实集团及长江基建集团等组财团拟129.79亿澳元收购澳洲能源基建资产,https://news.10jqka.com.cn/m606398471/,1534117275,新闻,,"50000445_资产收购,50006186_基础设施建设",HK0006,电能实业,电力
瑞信：电能实业维持跑赢大市评级 目标价73.8元,https://news.10jqka.com.cn/m605965027/,1532670968,新闻,利好,"50021513_电能实业,50009612_目标价",HK0006,电能实业,电力
大和：长建经常性盈利符预期 与电能估值差距料收窄,https://news.10jqka.com.cn/m605964973/,1532670812,新闻,,,HK0006,电能实业,电力
德银：降电能目标价至59.3港元 上半年派息逊预期,https://news.10jqka.com.cn/m605964350/,1532662739,新闻,利空,"50000068_维持评级,50000276_分红派息",HK0006,电能实业,电力
花旗：升电能评级至“买入” 目标价降至68港元,https://news.10jqka.com.cn/m605963294/,1532661454,新闻,,"50004980_花旗集团,50022988_花旗",HK0006,电能实业,电力
汇丰研究：香港公用股中看好长建及电能     评级“买入”,https://news.10jqka.com.cn/m605963232/,1532660667,新闻,利好,"50000030_买入评级,50000068_维持评级",HK0006,电能实业,电力
