title,url,label_property,code,company,article
宝威控股中期股东应占盈利同比降65.5%至4280万港元,https://news.10jqka.com.cn/m606772350/,利空,HK0024,宝威控股,"<p>集团在2017年坚定转型，从获取市场紧缺的锂矿资源入手，进入相关产品的采购、物流、加工和销售，而这一业务模式又是集团经营团队以往长期进口<a data-code=""i9999"" data-marketid=""66"" data-position=""stock.4"" href=""#*f:i9999:sc*#"">铁矿</a>石并加工成相关产品销售的所长和优势。目前，集团已经贯通了锂电材料的上、中游产业链，成为目前香港上市公司中唯一既占有上游锂资源，又能够通过合营公司加工中游锂电材料的公司。</p>"
宝威控股预期中期业绩将扭亏为盈,https://news.10jqka.com.cn/m606292661/,利好,HK0024,宝威控股,
宝威控股(00024.HK)宝江锂业碳酸锂生产线将进入试生产阶段,https://news.10jqka.com.cn/m605448687/,利好,HK0024,宝威控股,
宝威控股(00024)：宝江锂业碳酸锂生产线最快将于7月底进入试生产阶段,https://news.10jqka.com.cn/m605446255/,利好,HK0024,宝威控股,
宝威控股(00024.HK)：巴尔德山锂矿储量增加 105%,https://news.10jqka.com.cn/m604951247/,利好,HK0024,宝威控股,<p>随着勘探工作的逐步推进，资源量还会有持续增长潜力。计划于2018年底进行进一步的储量/资源升级。</p><p>于2017年4月20日，宝威锂业与Lithco、AMAL及Tawana分别签订独家锂精矿包销合约。根据该合约，宝威锂业获得西澳大利亚巴尔德山所出产的锂精矿为期五年的独家包销及续后五年优先购买的权利。</p>
宝威控股(00024)拟向同方证券及海通等发行不超1300万美元可换股债,https://news.10jqka.com.cn/m603518998/,利好,HK0024,宝威控股,<p>Fund发行本金合计不超过1300万美元可换股债券。</p><p>换股价每股0.32港元，较当日收市价0.355港元折让约9.86%;获悉数兑换，可发行约3.17亿股换股股份，占公司现已发行股本的6.37%，及经扩大后公司已发行股本的5.98%。</p><p>所得款项净额约9937.2万港元，计划用作一般营运资本，特别是锂电池上游资源的锂精粉包销、物流、加工直至完成销售各环节必要的支出。</p>
宝威控股(00024.HK)正与多间第三方机构磋商有关发行公司债券或股份的交易,https://news.10jqka.com.cn/m603480204/,利好,HK0024,宝威控股,
其士国际拟1.87亿港元出售香港观塘物业,https://news.10jqka.com.cn/m610188463/,中性,HK0025,CHEVALIER INT'L,<p>据观点地产新媒体了解，期权授予富恩(或其代理人)一项权利(惟并非责任)，可要求Willowridge以按购买价向富恩出售目标公司的全部已发行股本及销售贷款(目标公司结欠所有贷款)。期权价格2805万港元。</p><p>于完成时就购买销售股份及销售贷款应付购买价港币1.59亿元(有待最终调整)。</p><p>公告显示，目标公司新升置业有限公司持有物业位于香港九龙观塘怡生工业中心A座地下及B座地下的物业，连同怡生工业中心地下第23及24号停车位。注册成立日期2017年1月27日至2018年3月31日期间，目标公司录得除税前及除税后纯利约港币906.6万元，主要由于物业公允值上升约港币960万元所致。</p><p>其士国际表示，完成买卖后，估计公司将变现出售收益约港币5180万元，董事会拟将买卖所得款项净额应用于集团一般营运资金及集团现有主要业务营运。</p>
其士国际授出新升置业全部股权的期权 拟出售香港九龙观物业,https://news.10jqka.com.cn/m610185168/,中性,HK0025,CHEVALIER INT'L,<p>根据期权协议，Willowridge经考虑期权价后同意授予富恩期权。期权授予富恩(或其代理人)一项权利(但并非责任)，可要求Willowridge、公司与目标公司订立买卖协议以按购买价向富恩出售销售股份及销售贷款。</p><p>于签署期权协议前已付期权订金935万港元，于签署期权协议时就授出有关期权应付期权价2805万港元的余额，于完成时就购买销售股份及销售贷款应付购买价港币1.59亿港元，富恩已于签署期权协议后向Willowridge支付期权价余额1870万港元。</p><p>根据期权协议的条款，富恩有权透过于行使日期向Willowridge发出书面通知行使期权，而于2019年6月12日(或订约方可能书面同意的其他日期)，富恩应与Willowridge、公司及目标公司订立买卖协议。</p><p>据悉，该销售股份为目标公司全部股权，该目标公司为新升置业有限公司，为一间持有该物业的物业控股公司。该物业位于香港九龙观塘怡生工业中心A座地下及B座地下的物业，连同怡生工业中心地下第23及24号停车位。</p><p>自注册成立日期2017年1月27日至2018年3月31日期间，目标公司取得除税前及除税后纯利约港币906.6万元，主要由于物业公允值上升约960万港元所致。于2018年4月1日至2019年2月28日期间，目标公司取得除税前及除税后净亏损约40.8万港元，主要由于行政费用开支。</p><p>该公司表示，由于该集团是在1979年及1980年收购该物业，董事会有意变现出售物业自收购以来的增值所得收益。完成买卖后，估计该公司将变现出售收益约5180万港元。</p>
CHEVALIER INT‘L获准延长委任独立非执行董事时限,https://news.10jqka.com.cn/m609243753/,中性,HK0025,CHEVALIER INT'L,<p>智通财经APP讯，CHEVALIER INT'L(00025)公布，该公司已向香港联合交易所有限公司申请豁免严格遵守联交所证券上市规则第3.10A条、第3.21条及第3.25条，并将委任独立非执行董事的时限由2019年1月12日起延期3个月。于2019年1月15日，联交所已同意延长豁免有关遵守上市规则第3.10A条、第3.21条及第3.25条的期限由2019年1月12日至2019年4月12日。<br/></p>
其士国际集团以5.4亿港元出售观塘一地块及建于其上物业,https://news.10jqka.com.cn/m608626906/,中性,HK0025,CHEVALIER INT'L,<p>待售股份相当于目标公司于完成时全部已发行股本，而待售债务相当于目标公司于完成时结欠卖方的全部金额。于2018年11月30日，目标公司结欠卖方一笔约3.59亿港元的款项。</p><p>公告显示，目标公司主要从事投资控股及为Goldfame的唯一股东，而Goldfame为Almax的唯一股东。Almax主要从事物业投资且现时持有该地盘。</p><p>该地盘为观塘内地段第682号的整块或整幅土地，连同建于其上现称香港九龙大业街4号的宅院及建筑物。</p><p>该公司表示，集团预期将取得出售事项收益约1.65亿港元，此次出售事项将为集团产生现金流入，并加强其流动资金及营运资金状况。该集团拟动用建议出售事项的所得款项作为一般营运资金或于适当时候用于集团未来投资机会。</p>
其士国际中期股东应占溢利同比减少67.7%至1.94亿港元 中期息每股0.15港元,https://news.10jqka.com.cn/m608448988/,利空,HK0025,CHEVALIER INT'L,<p>经计入其所占联营公司及合营企业收入后，总分类收入为48.81亿港元，增幅为12%。除去年同期出售成都项目权益产生一次性贡献4.6亿港元。</p>
CHEVALIER INT‘L独董周明权离世,https://news.10jqka.com.cn/m607547884/,中性,HK0025,CHEVALIER INT'L,
其士国际(00025-HK)获主席郭海生增持2万股,https://news.10jqka.com.cn/m602093890/,利好,HK0025,CHEVALIER INT'L,<p>据联交所权益资料显示，其士国际(00025-HK)主席兼董事总经理兼执行董事郭海生分别于2017年12月13日及15日以每股平均价12.76-12.80港元之间场内增持其士国际好仓2万股，涉及资金25.56万港币。</p><p>增持后，郭海生现持有其士国际17.3460万股，比例升至0.06%。</p>
其士国际(00025.HK)拟向Seavest Core增资7000万美元 涉足美国医疗保健物业,https://news.10jqka.com.cn/m601913386/,利好,HK0025,CHEVALIER INT'L,<p>其士国际(00025.HK)宣布，于2017年12月5日 ，公司间接全资附属MOB3已接获投资经理(代表Seavest Manager)根据营运协议条款发出的资本要求。根据资本要求，MOB3、Seavest Investor及Seavest Manager分别须按彼等各自于Seavest Core的权益百分比比例以现金出资约7000万美元、以现金或以注入资产形式出资360万美元及以现金出资7.4万美元。</p><p>目前，Seavest Manager已物色到潜在项目，并已就可能收购潜在项目与潜在卖方进入讨论阶段。于2017年12月5日，Seavest Core与潜在卖方并无订立任何协议。获Seavest Manager已物色的潜在项目包括：</p><p>1.位于美国纽约水牛城总租赁面积约29.66万平方尺的医疗大楼。主要租户包括纽约西部的最大保健服务供应商及最大医生群组。最新租用率约为95%；</p><p>2.位于美国宾夕法尼亚州潘恩镇(Penn Township)总租赁面积约6.88万平方尺的医疗大楼。主要租户为于其主要服务领域拥有领先市场份额的医院，且属全国认可多元化研究及临床护理机构的一部分。最新租用率约为100%；及</p><p>3.位于美国罗德岛州禾域镇(Warwick)总租赁面积约6.27万平方尺的医疗大楼。该大楼目前全部租予于其主要服务领域拥有领先市场份额的医院。Seavest或Seavest联属人士于此特定潜在项目中拥有约30%的间接股本权益。</p><p>董事认为，向Seavest Core投资可将集团投资扩充至医疗及保健相关物业，以为集团带来回报及资本升值潜力，且资本要求条款属公平合理，符合公司及股东的整体利益。</p>
其士国际(00025)拟3.34亿港元竞买香港一物业,https://news.10jqka.com.cn/m601481019/,利好,HK0025,CHEVALIER INT'L,<p>其士国际(00025)发布公告，于2017年11月3日，该公司全资附属其士亚洲提交投标，表明其有意透过公开招标过程以3.34亿港元自卖方收购物业。于11月8日，卖方知会其士亚洲其已接受投标。</p><p>该等物业包含3层楼半独立屋里的12个单位，土地的注册地盘面积约为7840平方尺。其位于香港九龙太子道西的北侧，并位于何文田区内。</p><p>据悉，卖方指Glory Honour Limited、港盛行有限公司、旺致投资有限公司、菱木投资有限公司、叶小玲及谭绍碧。</p>
其士国际料年度股东应占溢利将大增 现升3%,https://news.10jqka.com.cn/m598915395/,中性,HK0025,CHEVALIER INT'L,<p>其士国际(00025)现价上升2.98%，报13.82元，盘中高见14.02元创近两年高位；成交约12万股，涉资172万元。</p><p>公司料截至3月底止年度股东应占溢利将录得大幅增加。主要由于重估集团投资物业所产生的公平值增加所致。公司指上述为非现金项目，并不会对集团的现金流产生直接影响。</p>
【复牌】其士(00025-HK)获市建局福泽街项目涉资6.8亿,https://news.10jqka.com.cn/m598879708/,中性,HK0025,CHEVALIER INT'L,<p>其士国际(00025-HK)公布，已获市区重建局大角咀福泽街/利得街项目开发权，涉及应付代价6.8亿元。</p><p>项目位于大角咀福泽街8至10号和利得街7至9号，地盘面积约768平方米，计划开发为总住宅建筑面积约5103平方米及商业建筑面积637平方米的中小型住宅单位。该物业将于地盘移交后45个月内取得入伙纸，开发工程预计将于2020年/2021年完工。</p><p>公司指，收购事项的条款乃经考虑市区重建局制定的投标规定及该土地的开发潜力后厘定。董事认为，收购事项乃集团建立土地储备及进一步拓展物业开发业务的良机。董事认为，收购事项的条款属公平合理，且符合公司及股东的整体利益。</p>
其土国际出售成都三地块料赚5亿 创近两年新高,https://news.10jqka.com.cn/m598756849/,中性,HK0025,CHEVALIER INT'L,<p>其士国际(00025)裂口高开，现价上升5.56%，报13.3元，创自2015年9月以来新高；现成交约8万股，涉资111万元。</p>
其士国际拟与日企拓安老业务,https://news.10jqka.com.cn/m573062911/,利好,HK0025,CHEVALIER INT'L,<p>5月27日消息，据财华社报道，其士国际(00025-HK)公布，与独立第三者(潜在合营伙伴)签订谅解备忘录，公司及潜在合营伙伴可能成立的各占50%权益合营企业，共同开拓及发展亚洲的安老院舍业务。潜在合营伙伴乃日本的综合企业。谅解备忘录自生效日起计两年内有效，惟订约双方书面同意延长则除外。 (自然)</p>
中华汽车2018年中期纯利同比减少49.97%每股派息10港仙及特别股息1港元,https://news.10jqka.com.cn/m609927108/,利空,HK0026,中华汽车,
中华汽车中期股东应占溢利同比增长15.35%至4.15亿港元,https://news.10jqka.com.cn/m609925137/,中性,HK0026,中华汽车,<p>董事局决议派发截至2019年6月30日止年度中期股息每股0.1港元。董事局同时决议派发截至2019年6月30日止年度特别股息每股1港元。两项股息合共每股1.1港元将派发予于2019年4月12日营业时间结束时已登记在公司股东名册股东。</p><p>集团截至2018年12月31日止6个月内计入集团投资物业重新估值及应占合营企业及联营公司业绩后除税后未经审核综合盈利为4.15亿港元，去年同期则为3.6亿港元;增加主要原因为集团投资物业及合营企业持有投资物业于期间重估盈余净值有所增加。</p>
中华汽车年度股东应占盈利同比增50.1%至9.4亿港元,https://news.10jqka.com.cn/m607342396/,中性,HK0026,中华汽车,<p>业绩增长主要反映集团合营公司拥有的投资物业重估盈余较往年高。公司认为，来年集团办公室物业、零售物业及住宅物业租务需求预期会维持稳定，尽管预期租金只有适度增长，预计集团位于黄竹坑新办公室物业(South Island Place)完成后，对集团经常性租金收益于2019年下半年应有重大贡献。</p>
中华汽车拟于9月18日派发第二次中期股息,https://news.10jqka.com.cn/m605595699/,利好,HK0026,中华汽车,
中华汽车(00026)中期盈利增17%至3.6亿港元 每股派息1.1港元,https://news.10jqka.com.cn/m603117175/,利好,HK0026,中华汽车,<p>董事局决议派发中期股息每股0.1港元及特别股息每股1港元。两项股息合共每股1.1港元将派发予于2018年4月11日营业时间结束时已登记在该公司股东名册的股东。</p>
中华汽车(00026.HK)中期溢利同比增长17.01%至3.60亿港元,https://news.10jqka.com.cn/m603116929/,利好,HK0026,中华汽车,<p>公告称，美国联储局于2017年12月加息25点子，很多经济学者都预测2018年会再加息4次，令利率于2018年底加至2.25%。英国方面，目前利率为0.5%，英伦银行近期暗示最快会于2018年5月加息，未来三年可能将会再加息最多二次以压抑通胀。</p><p>本财政年度上半年英镑对美元转强，董事预期财务运作方面的全年回报会有所改善。</p><p>集团于成坤广场(港运城商场)的零售物业的改善工程正按计划进行，预计于2018年第二季完成。改善工程完成后，商场内会有更多食肆，董事预期会增加商场的人流，令整体收入有所增长。</p><p>集团位于香港仔内地段461号的办公室物业(South Island Place)现时预计于2018年第四季落成，董事预期物业落成出租后的收益对集团的收入有重大贡献。</p>
中华借力宝马打“组合拳”：新品攻势能否完成“涅槃重生”？,https://news.10jqka.com.cn/m602220280/,利好,HK0026,中华汽车,<p>金杯、华颂自主业务装入华晨雷诺合资公司后，中华轿车如何走出销售困境成为业内关注的焦点。</p><p>12月22日，在中华V6的上市发布会上，华晨汽车销售公司副总经理景瑶向《每日经济新闻》记者透露，V6上市后中华品牌将进入密集产品投放期，“华晨希望在新品带动销量的基础上，重新塑造中华轿车的品牌形象”。</p><p>在华晨方面看来，只有销量达到一定规模才能谈品牌建设，所以迅速提升销量将是未来中华品牌发展的重中之重。为此，以V6为代表的新一代中华车型将借助“宝马基因”，向市场发起冲击。</p><p>借助外资力量发展自主品牌，一直是华晨汽车集团董事长祁玉民的思路。比如，华晨与雷诺的合作，创新之处就在于将自主品牌金杯、华颂装入到合资公司中，借助雷诺的技术平台实现转型突破。</p><p>对中华品牌，祁玉民之前也有类似想法。“我曾提出能否把中华品牌的轿车业务装入到华晨宝马的合资公司中，但这个想法并未得到宝马方面的认同。”祁玉民曾在接受采访时对《每日经济新闻》记者说。</p><p>尽管如此，中华品牌已从宝马处获得了较多的技术驰援。</p><p>在V6上市发布会上，华晨特意强调中华V6是其智能制造工厂的首款车型，具备“宝马品质”。“在宝马大力支持下，参照宝马4.0工厂标准构建的华晨汽车智能制造工厂，具有高自动化、高精度、高品质等特点。”华晨汽车销售公司总经理马晓峰向《每日经济新闻》记者表示，中华品牌与华晨宝马在同一个工业园区内，确实能从宝马身上学到很多。</p><p>椐华晨汽车销售公司网络发展部高级经理王磊透露，宝马有一支100多人的团队长期驻扎华晨，从研发、生产、设计到质量把控、市场营销，他们一直在帮助中华品牌发展。</p><p>不仅如此，在宝马的帮助下，华晨还打造了全新高端M平台。根据规划，未来10年，华晨将集中精力开发M平台，将于明年上市的中华V7便是基于该平台生产的首款车型。</p><p>在确立以宝马技术为辅助，自身独立发展的大方向后，中华将进行一系列的战略部署，以换得品牌快速发展。马晓峰称，接下来中华品牌要打出一套“组合拳”。</p><p>提振销量是中华品牌要完成的首个任务。目前中华品牌销量欠佳。全国乘用车市场信息联席会的数据显示，今年前11个月，中华品牌累计销售8.19万辆，同比下滑45%。</p><p>对此，景瑶也坦言，此前中华品牌确实给外界一种较乏力的感觉，不是每年都持续有新产品输出。“我们也看到了自己的不足，所以接下来中华将开启新一轮产品攻势，旨在快速提振销量。”</p><p>记者了解到，中华V6是这轮攻势的首款产品，而中华V7和一款轿车等新车型明年将投放市场。“现在靠一款车打天下已无可能。”马晓峰向《每日经济新闻》记者表示，中华要保证一个4S店起码要有8~10款车型，这样才能把销量提上去，把成本降下来。</p><p>在新品攻势后，中华还将开启一轮品牌攻势。据景瑶透露，明年下半年，中华将着重在品牌上讲故事。具体是加大品牌营销力度，增加品牌营销事件，争取2019年实现品牌全面提升，进而最终实现议价能力提升。</p><p>由此来看，新产品能否提升销量是中华能否顺利开展品牌攻势的关键。在中华的新品投放规划中，V6、V7车型被定义为“明星车型”。据了解，V6的轴距已达中级SUV水平，但仍瞄准的是紧凑级SUV市场，8.79万~14.19万元的售价也与目前热销的哈弗H6、博越、荣威RX5处同一价格区间。</p><p>当前，紧凑级SUV市场竞争激烈，已有价格诚意并借助宝马技术的V6能否让中华品牌摆脱销售困境？华晨对中华V6充满期待。</p>
中华汽车(00026)全年税后净利同比上升79.7%至6.28亿港元 每股派息1.6港元,https://news.10jqka.com.cn/m600613681/,利好,HK0026,中华汽车,<p>中华汽车(00026)公布截至2017年6月30日止年度业绩，实现营业额8170.1万港元，同比减少10.85%;营业盈利同比增加15.76%至7175.4万港元;除税后股东应占盈利约6.28亿港元，同比上升79.7%;每股盈利13.86港元，拟派发末期股息每股0.1港元及特别股息每股1.5港元。</p><p>公告称，盈利增加主要反映集团拥有的投资物业及集团合营公司拥有的投资物业的重估盈余净值较往年高。</p><p>此外，营业盈利增加主要原因为去年的汇兑亏损已转为本年的汇兑收益，但由于在年内出售英国投资物业 Thanet House </p><p>引致租金收入减少及港涛轩已计提发展成本于期内拨回的数额较少，增幅被部份抵销。</p>
中华汽车(00026)再次澄清媒体报道 无有关方收购公司股权,https://news.10jqka.com.cn/m596436719/,利空,HK0026,中华汽车,<p>该公司董事局得悉若干中文媒体于2017年2月7日及2017年2月8日再有报道，其中提及由ASML向该公司发出的第二封信函。而2017年2月7日的报道更指其消息来源者忧虑该公司管理层或将其股权以每股120港元出售予某被点名地产公司(该有关方)的可能性。</p><p>公告称，董事局希望借此确认收到由ASML发出的第二封信函，唯该信函本质上仅为重复首封信函中毫无根据的指控，而董事局已再次驳斥及反对。董事局未得悉任何显示该有关方有兴趣收购该公司的股权。</p><p>此外，该公司的颜氏家族大股东亦已逐一向董事局确认他们未有得悉任何显示该有关方有兴趣收购其股权的端倪，而无一颜氏家族大股东有意向ASML或该有关方出售其持有的该公司股权。</p>
中华汽车(00026)确认：未获悉任何有关方有兴趣收购公司股权,https://news.10jqka.com.cn/m596430789/,利空,HK0026,中华汽车,<p>公司董事局得悉若干中文媒体于2017年2月7日及2017年2月8日再有报道，其中提及由ASML向公司发出的第二封信函。而2017年2月7日的报道更指，其消息来源者忧虑公司管理层或将其股权以每股120港元出售予某被点名地产公司的可能性。</p><p>董事局希望借此确认收到由ASML发出的第二封信函，唯该信函本质上仅为重复首封信函中毫无根据的指控，而董事局已再次驳斥及反对。</p><p>董事局未获悉任何显示该有关方有兴趣收购公司股权。公司的颜氏家族大股东亦已逐一向董事局确认，他们未有得悉任何显示该有关方有兴趣收购其股权的端倪，而无一颜氏家族大股东有意向ASML或该有关方出售其持有的公司股权。</p>
南北奔驰战略性重组：打造商用车第三增长点,https://news.10jqka.com.cn/m588669213/,利好,HK0026,中华汽车,<p>本报记者王欣北京报道</p><p>3月18日，福建奔驰V-Class正式上市，售价为48.9万元-61.8万元。V-Class作为唯雅诺的全新换代车型，采用了奔驰全新命名体系，是福建奔驰专门为中国客户打造的全新国产豪华MPV。</p><p>就在几天前，3月14日，福建奔驰中方股东福汽集团已就北汽股份收购35%股权在北京签署战略性协议。</p><p>“福建奔驰是中外双方按50:50占比成立的合资公司。过去十年，戴姆勒和福建汽车集团保持着非常好的合作关系，股权受让是两家合作伙伴的决定，讨论过程中的信息也向我们公开，我们不是主导，但表示支持。”3月18日戴姆勒股份公司董事会成员，负责大中华区业务的唐仕凯对21世纪经济报道记者说。</p><p>对戴姆勒而言，中外双方各持50%股份的股权分配保持不变，但福汽还将保留15%的股权。未来，北汽在福建奔驰的中方话语权中占主导地位。</p><p>随着与北汽集团签署股份转让协议，福建奔驰的战略性重组计划已拉开序幕。在签署股份转让协议之后，福建奔驰将由北汽股份和戴姆勒派出经营团队组成ECM进行管理，福汽或将退出福建奔驰管理层。</p><p>福汽集团董事长黄莼公开表示，福建奔驰要保证自身MPV经销商的利益，所以当前仍将以原有的渠道为主要销售体系。未来是否会共享生产线，黄莼认为，这是戴姆勒和北汽未来要考虑的事情。</p><p>奔驰在中国有两个合作伙伴——北汽和福汽，两者在生产基地方面有非常清晰的格局划分：与北汽合资的北京奔驰以生产乘用车为主，与福汽合资的福建奔驰以生产MPV商用车为主。</p><p>福建奔驰是中外双方按照50对50股比组成的合资公司，此前福汽占50%股份，戴姆勒轻型汽车香港有限公司占50%股份，后者是戴姆勒和台湾中华汽车的合资公司，双方分别持股75%和25%，外方占据控股地位。</p><p>3月14日之后，福建奔驰中方话语权由北汽主导。福汽集团将35%的股权转让给北汽，福建奔驰股权结构变成奔驰占50%、北汽占35%、福汽占15%。在设计制造及销售方面，福建奔驰与北京奔驰的本地化道路将逐渐开始交集。</p><p>北汽和奔驰自2005年起，已合作多年，奔驰品牌过去十年发展速度明显落后于竞争对手奥迪和宝马，很大程度上源于奔驰产品系老旧。在沉睡多年后，奔驰新一代产品前年开始在中国市场全面推出，销售渠道已经理顺。去年北京奔驰走向了快速发展的通道，成为ABB中最可怕的对手。</p><p>数据显示，北京奔驰2015年全年销售达250188辆，较上年同期上升71.99%。这一业绩，似乎给北汽投资福建奔驰提供了依据。</p><p>据了解，北汽后续要对福建奔驰的战略进行重新规划，将福建奔驰作为奔驰中国的MPV商用车生产基地，导入合适产品，并适时对采购与销售渠道进行整合。</p><p>目前福建奔驰有79个经销网点，覆盖60多个城市。而奔驰乘用车销售网点已达500家，覆盖200个城市。</p><p>“福建奔驰的轻型商务车销售由福建奔驰经销商网络来进行。全新V级车同样拥有梅赛德斯-奔驰乘用车的多种特性。在福建奔驰经销商网络尚未覆盖的地方，如果有奔驰乘用车的经销商申请商务车业务，我们也会有针对性地酌情审批。”唐仕凯称。</p><p>福建奔驰自2007年六月成立以来，主要生产及销售奔驰高端商务车。这是奔驰在中国布局中的重要一子，目的是形成与北京奔驰产品差异化的打法。这种布局和其他豪华车品牌有明显的区别：产品一乘一商，地域一南一北，理论上更有利于奔驰品牌在中国获得资源和市场。</p><p>作为戴姆勒全球6大商务车生产基地之一，福建奔驰是所有生产基地中商务车产品线最齐全的一个。目前福建奔驰有三个高端MPV——产品唯雅诺Viano、威霆Vito和凌特Sprinter，可满足企事业单位商务接待需求，也为私人家庭用户的高品质出行提供解决方案。</p><p>2015年，我国MPV市场全年销量210.67万辆，同比增长10.05%，增长率仅次于SUV细分领域。奔驰显然不愿意放弃这一细分市场，期待把它打造成继轿车、SUV之后的第三增长极。</p><p>2015年，是福建奔驰业务上的转折年，也是唯雅诺车型生命周期的最后一年。对比全国销量，福建奔驰的表现并不理想，全年销量为5753辆，同比下降了48.9%。</p><p>对此，黄莼的解释是，福建奔驰去年并无其他新产品推出，而是在V-Class上投入了全部精力。此番V-Class的上市或将扭转这一局面，在进一步提升商用车市场地位的基础上，从家用市场带来新的增长点。</p><p>其实，V级车已于去年在欧洲市场上市。它的表现格外亮眼，市场占有率位列第一。“过去这几年，轻型商务车的确拥有新方向，我们称之为‘商务车走向世界’战略。过去，奔驰更多关注欧洲市场、德国市场，‘走向世界’最主要的发力点，体现在全球化生产，我们在欧洲、美国、阿根廷、俄罗斯、中国都有生产基地。目标是将商务车领域变成全球化格局，所以我们将继续坚持这一战略。”奔驰轻型商务车全球总裁莫彦格表示。</p><p>尽管目前高端商务车是小众产品，但一旦打开市场，未来发展潜力很大。以丰田埃尔法为例，在中国市场常年保持延迟几个月提车的状况，加几十万元提车很正常。奔驰高端商务车等待的是即将到来的爆发期。</p><p>“中国市场对于奔驰的轻型商务车来说至关重要，全新V级车是我们持续发力中国市场的又一款重要产品，希望能够有更好的市场表现。”莫彦格说。(编辑范文清)</p>
华晨汽车逐渐迷失 两家上市公司皆亏损亿元以上,https://news.10jqka.com.cn/m570861938/,利空,HK0026,中华汽车,"<p>专家表示，华晨汽车此前战略失误导致竞争力下降，未来关键要看能否建立一个稳定的核心团队</p><p>自去年华晨汽车放言要进行多品牌战略以来，当初不被外界看好的预期如今正在成为现实。</p><p>数据显示，华晨旗下自主品牌中华汽车在2014年销量仅为14.12万辆，相比较2013年的21.36万辆下降幅度达到33.87%，占中国在售品牌份额的0.72%，而中华汽车在中国在售品牌中排名也由2013年的23位下滑至35位。</p><p>对于华晨品牌在中国汽车市场的影响力从不温不火到已经逐渐被边缘化的走势，其实早已被外界预言，汽车行业资深专家张志勇在接受《证券日报》记者采访时就表示，华晨汽车在汽车品牌宣传力度上的青黄不接导致了该品牌从2009年后一直沉沦。</p><p>“华晨业绩不景气已经持续很长一段时间，而业绩萎靡不振的原因就是现如今华晨品牌力过于弱势。早在2009年，华晨汽车在品牌宣传和传播上花了不少心思，这也使得当年华晨汽车名噪一时。但是随后因为各种原因，华晨汽车在产品上毫无新意，品牌宣传上也是默默无闻，华晨汽车在品牌推广过程中的不连续性使得华晨品牌竞争力日益薄弱”。张志勇表示。</p><p>去年，华晨宣布实行多品牌战略，推出“华颂”，使其成为华晨汽车旗下继金杯、中华之后的第三个自主品牌，不仅如此，华颂定位于“高端自主品牌”。</p><p>但此举一出，满座哗然。业内不少专家当时就下判断，认为华晨汽车这是在“逆势而为”，毕竟有太多的“前车之鉴”，在此之前，奇瑞、吉利等自主品牌的多品牌战略近两年来纷纷宣告失败，最终在困境中选择回归“一个品牌”；而长安、观致、长城等自主品牌的高端化战略也成效寥寥，甚至拖累企业声誉。华晨汽车“明知山有虎偏向虎山行”的行为虽然可以称得上的是勇敢，但是以其的实力而言，它明显不具备“对抗老虎”的能力。</p><p>思略特战略合伙人彭波向记者表示，多品牌战略很明显是与中国汽车市场不匹配的，但是华晨汽车依然坚持此战略，高层管理水平让人费解，“在中国发展多品牌战略就是逆势而动，成功的概率极小，华晨汽车目前为止的表现证明其也不具备那种魅力”。</p><p>而彭波同时感慨，如果当初将华颂作为中华汽车旗下的一个系列，可能华晨汽车今天还不至于这么难堪，“当初华晨汽车如果足够明智应该把华颂这样的产品收编在中华汽车旗下，这样通过产品丰富以及中华汽车之前积攒下来的人气会使得中华汽车这个品牌借力提升，但是华晨汽车最终没有这样做，而结果就是中华汽车和华颂都是不温不火”。</p><p>金杯汽车公告显示，公司预计2014年年度经营业绩将出现亏损，实现归属于上市公司股东的净利润为亏损1.5亿元左右。而2013年同期金杯汽车净利润是盈利1767万元。对于公司亏损的原因，金杯汽车给出的解释称，由于2014年货车行业景气度降低，公司全年整车销售收入下降，销售毛利率有所降低，另外为提高公司整体技术水平本年投入了较多的研发费用，导致公司收入利润均有所下滑。</p><p>无独有偶，申华控股在去年业绩预告中也显示，公司预计2014年年度经营业绩将出现亏损，实现归属于上市公司股东的净利润为亏损1.983亿元左右。而2013年申华控股的净利润达到1.727亿元。对于公司业绩出现如此明显的起伏，申华控股给出的解释却是简单的一句话：“报告期内，公司汽车销量下滑较多，且投资收益大幅下降。”</p><p>对此，张志勇表示，华晨汽车的品牌影响力已经与其他竞争对手之间的差距越来越明显，销量持续下滑，华晨汽车要想突围必然要花费不少心思，“目前中国汽车品牌之间的竞争趋近白热化，而中国汽车市场现在形成了一种‘强者恒强，弱者恒弱’的现象，华晨汽车要想在这样的竞争环境下实现突破难度不小。”</p><p>根据中汽协公布的数据，华晨宝马国产车型的销量为27.91万辆，同比增长34.57%。而且宝马凭借2014年的表现，再次获得了豪华品牌销量第二的成绩。而彭波也向记者表示，“如果不是华晨宝马一直在为华晨‘输血’，华晨汽车的账面成绩恐怕会更加难看。”</p><p>正所谓“冰冻三尺非一日之寒”，华晨汽车之所以在最近这几年出现沉沦，这在彭波看来，是其高层频繁变动导致核心技术团队丢失酿成的恶果，“赵福全(原华晨金杯汽车副总裁)当年离开华晨时，其实也相当于把华晨汽车的最重要的核心竞争力抽走了。很多车企换高管但是企业的核心竞争力仍然稳固，而华晨汽车则不同”。</p><p>可以想象，当一个车企的研发团队出现动荡时，培养出一个全新的研发团队是当务之急，但是这无疑需要用时间来做代价，“很多车企，以长安为例，研发团队非常稳定，而这也使得<a data-code=""000625"" data-marketid=""33"" data-position=""stock.6"" href=""#*f:000625:sc*#"">长安汽车</a>的销量稳中有升，因为核心团队的稳定就意味着不会犯下曾经犯过的错误，保证产品始终处于进步的阶段，这也是华晨这么多年没有取得进步的症结所在。”彭波表示。</p><p>对于华晨汽车的未来，是继续这样不温不火还是能实现华丽的转身，张志勇向记者表示，“首先华晨必须能够设计出一辆让业内和消费者都眼前一亮的产品，如果没有能够拿得出手的产品，这是车企的最大悲哀”。</p><p>而彭波则认为，华晨汽车由于前几年的变动导致今天的恶果，而未来，华晨汽车的表现也不能妄下结论，“一个研发团队的建立到成熟都需要时间来磨炼，而华晨汽车如果能够建立起一个稳定的核心团队，未来竞争力还是可以预期的，能否走出困境大概要在两到三年后才能体现出来”。</p>"
华晨汽车逐渐迷失  两家上市公司皆亏损亿元以上,https://news.10jqka.com.cn/m570861935/,利空,HK0026,中华汽车,"<p>专家表示，华晨汽车此前战略失误导致竞争力下降，未来关键要看能否建立一个稳定的核心团队</p><p>自去年华晨汽车放言要进行多品牌战略以来，当初不被外界看好的预期如今正在成为现实。</p><p>数据显示，华晨旗下自主品牌中华汽车在2014年销量仅为14.12万辆，相比较2013年的21.36万辆下降幅度达到33.87%，占中国在售品牌份额的0.72%，而中华汽车在中国在售品牌中排名也由2013年的23位下滑至35位。</p><p>对于华晨品牌在中国汽车市场的影响力从不温不火到已经逐渐被边缘化的走势，其实早已被外界预言，汽车行业资深专家张志勇在接受《证券日报》记者采访时就表示，华晨汽车在汽车品牌宣传力度上的青黄不接导致了该品牌从2009年后一直沉沦。</p><p>“华晨业绩不景气已经持续很长一段时间，而业绩萎靡不振的原因就是现如今华晨品牌力过于弱势。早在2009年，华晨汽车在品牌宣传和传播上花了不少心思，这也使得当年华晨汽车名噪一时。但是随后因为各种原因，华晨汽车在产品上毫无新意，品牌宣传上也是默默无闻，华晨汽车在品牌推广过程中的不连续性使得华晨品牌竞争力日益薄弱”。张志勇表示。</p><p>去年，华晨宣布实行多品牌战略，推出“华颂”，使其成为华晨汽车旗下继金杯、中华之后的第三个自主品牌，不仅如此，华颂定位于“高端自主品牌”。</p><p>但此举一出，满座哗然。业内不少专家当时就下判断，认为华晨汽车这是在“逆势而为”，毕竟有太多的“前车之鉴”，在此之前，奇瑞、吉利等自主品牌的多品牌战略近两年来纷纷宣告失败，最终在困境中选择回归“一个品牌”；而长安、观致、长城等自主品牌的高端化战略也成效寥寥，甚至拖累企业声誉。华晨汽车“明知山有虎偏向虎山行”的行为虽然可以称得上的是勇敢，但是以其的实力而言，它明显不具备“对抗老虎”的能力。</p><p>思略特战略合伙人彭波向记者表示，多品牌战略很明显是与中国汽车市场不匹配的，但是华晨汽车依然坚持此战略，高层管理水平让人费解，“在中国发展多品牌战略就是逆势而动，成功的概率极小，华晨汽车目前为止的表现证明其也不具备那种魅力”。</p><p>而彭波同时感慨，如果当初将华颂作为中华汽车旗下的一个系列，可能华晨汽车今天还不至于这么难堪，“当初华晨汽车如果足够明智应该把华颂这样的产品收编在中华汽车旗下，这样通过产品丰富以及中华汽车之前积攒下来的人气会使得中华汽车这个品牌借力提升，但是华晨汽车最终没有这样做，而结果就是中华汽车和华颂都是不温不火”。</p><p>金杯汽车公告显示，公司预计2014年年度经营业绩将出现亏损，实现归属于上市公司股东的净利润为亏损1.5亿元左右。而2013年同期金杯汽车净利润是盈利1767万元。对于公司亏损的原因，金杯汽车给出的解释称，由于2014年货车行业景气度降低，公司全年整车销售收入下降，销售毛利率有所降低，另外为提高公司整体技术水平本年投入了较多的研发费用，导致公司收入利润均有所下滑。</p><p>无独有偶，申华控股在去年业绩预告中也显示，公司预计2014年年度经营业绩将出现亏损，实现归属于上市公司股东的净利润为亏损1.983亿元左右。而2013年申华控股的净利润达到1.727亿元。对于公司业绩出现如此明显的起伏，申华控股给出的解释却是简单的一句话：“报告期内，公司汽车销量下滑较多，且投资收益大幅下降。”</p><p>对此，张志勇表示，华晨汽车的品牌影响力已经与其他竞争对手之间的差距越来越明显，销量持续下滑，华晨汽车要想突围必然要花费不少心思，“目前中国汽车品牌之间的竞争趋近白热化，而中国汽车市场现在形成了一种‘强者恒强，弱者恒弱’的现象，华晨汽车要想在这样的竞争环境下实现突破难度不小。”</p><p>根据中汽协公布的数据，华晨宝马国产车型的销量为27.91万辆，同比增长34.57%。而且宝马凭借2014年的表现，再次获得了豪华品牌销量第二的成绩。而彭波也向记者表示，“如果不是华晨宝马一直在为华晨‘输血’，华晨汽车的账面成绩恐怕会更加难看。”</p><p>正所谓“冰冻三尺非一日之寒”，华晨汽车之所以在最近这几年出现沉沦，这在彭波看来，是其高层频繁变动导致核心技术团队丢失酿成的恶果，“赵福全(原华晨金杯汽车副总裁)当年离开华晨时，其实也相当于把华晨汽车的最重要的核心竞争力抽走了。很多车企换高管但是企业的核心竞争力仍然稳固，而华晨汽车则不同”。</p><p>可以想象，当一个车企的研发团队出现动荡时，培养出一个全新的研发团队是当务之急，但是这无疑需要用时间来做代价，“很多车企，以长安为例，研发团队非常稳定，而这也使得<a data-code=""000625"" data-marketid=""33"" data-position=""stock.6"" href=""#*f:000625:sc*#"">长安汽车</a>的销量稳中有升，因为核心团队的稳定就意味着不会犯下曾经犯过的错误，保证产品始终处于进步的阶段，这也是华晨这么多年没有取得进步的症结所在。”彭波表示。</p><p>对于华晨汽车的未来，是继续这样不温不火还是能实现华丽的转身，张志勇向记者表示，“首先华晨必须能够设计出一辆让业内和消费者都眼前一亮的产品，如果没有能够拿得出手的产品，这是车企的最大悲哀”。</p><p>而彭波则认为，华晨汽车由于前几年的变动导致今天的恶果，而未来，华晨汽车的表现也不能妄下结论，“一个研发团队的建立到成熟都需要时间来磨炼，而华晨汽车如果能够建立起一个稳定的核心团队，未来竞争力还是可以预期的，能否走出困境大概要在两到三年后才能体现出来”。</p>"
银河娱乐被非执董万卓祺减持5万股,https://news.10jqka.com.cn/m610948161/,利空,HK0027,银河娱乐,
信达国际：澳门四大博彩中介陆续进驻Naga2 予金界控股目标价12港元,https://news.10jqka.com.cn/m610877054/,中性,HK0027,银河娱乐,<p>集团日前进一步公布Naga3项目融资安排，最终决定以内部产生资金拨付50%开发成本，余下50%由控股股东提供(按每股12港元发行新股，较上周五收市价溢价30%)，此融资方案对除市场早前对集团或进行大规模集资的忧虑作出了回应。随着澳门四大博彩中介陆续进驻Naga2，集团旗下贵宾厅业务及Naga2营运效益或将持续提升。</p>
银河娱乐因认股权获行使 4月8日发行6.1万股,https://news.10jqka.com.cn/m610710147/,中性,HK0027,银河娱乐,
银河娱乐被非执董万卓祺减持4.27万股,https://news.10jqka.com.cn/m610214590/,利空,HK0027,银河娱乐,
国泰君安(香港)：银河娱乐维持收集投资评级,https://news.10jqka.com.cn/m610008899/,中性,HK0027,银河娱乐,<p>对于2018年全年，公司公布：净收益为552亿港元，同比增长13.5%；经调整EBITDA为169亿港元，同比增长19.2%；股东应占溢利同比增长28.5%至135亿港元，包括6亿港元非经常性开支；撇除非经常性开支，经调整股东应占溢利同比增长28%至141亿港元；每股净利为3.128港元，同比增长27.6%。</p><p>2018年第4季度经调整EBITDA分别高于彭博一致预期和我们的预期1.2%和4.2%。2018年第4季度公司公布净收益为142亿港元，同比增长2%，环比增长9%，及经调整EBITDA为43亿港元，同比增长4%，环比增长12%。2018年第4季度博彩业务净赢率偏高，令经调整EBITDA增加约7，700万港元。净赢率正常化后，2018年第4季度经调整EBITDA为43亿港元，同比增长4%，环比增长1%。</p><p>关于路凼第3和第4期以及横琴发展，公司没有透露新的消息。公司管理层公布称公司将投入15亿港元于澳门银河及澳门星际酒店的物业提升工程，并预计2019至2020年陆续完工。我们认为，在公司今年面临竞争对手路氹新赌场所带来的压力下，此提升工程有利于公司保持竞争力。</p><p>公司2018年4季度经调整EBITDA符合预期，我们维持当前的“收集”的投资评级。</p>
里昂：银娱目标价升至63.66元 给予跑赢大市评级,https://news.10jqka.com.cn/m610008600/,中性,HK0027,银河娱乐,<p>银娱(00027.HK)公布去年业绩，里昂指其第四季经调整EBITDA稍胜预期，主要由于中场收入好于市场预期。该行上调今年中场收入预测2%，下调贵宾厅收入预测1%；明年中场及贵宾厅收入预测则下调3%，由于澳门银娱三期开幕时间推迟。<br/></p><p>不过，正面的组合转变和开幕成本推迟入账，升今明两年EBITDA预测3%-4%，目标价相应自52.96元上调至63.66元，维持“跑赢大市”评级。</p>
银娱主席吕志和：赌牌续牌问题将配合政府 做好本职工作等待消息,https://news.10jqka.com.cn/m609987416/,中性,HK0027,银河娱乐,"<p>智通财经APP获悉，2月28日，<a data-code=""HK0027"" data-marketid=""177"" data-position=""stock.4"" href=""#*f:HK0027:sc*#"">银河娱乐</a>(00027)在香港召开2018年第四季度及全年业绩发布会，集团主席吕志和表示，虽然2018年受经济形势和地缘政治影响业务有所波动，但是认为2019年将会稳健上升，持看好态度。关于赌牌续牌问题主席表示将会配合政府，做好自己的工作等待消息。另外他还表示大湾区将会给集团带来更多机会。<br/></p><p>智通财经APP了解到，2018年全年银娱集团净收益为552亿港元，同比上升14%，集团经调整EBITDA为169亿港元，同比上升19%，集团股东应占溢利同比上升29%至135亿港元，包括6亿港元非经常性开支，撇除非经常性开支，全年经调整股东应占溢利同比上升28%至141亿港元，每股盈利312.8港仙。</p><p>年内派发两次特别股息：2018年4月27日派发每股0.41港元及于2018年10月26日派发每股0.50港元。宣派另一次特别股息，每股0.45港元将约于2019年4月26日派发。</p>"
大行：银河娱乐投资评级及目标价,https://news.10jqka.com.cn/m609901682/,中性,HK0027,银河娱乐,<p>综合12间券商预测，银河娱乐去年度EBITDA料介乎164.28至174.86亿元，较2017年EBITDA金额141.47亿元，按年增加16.1%至23.6%，中位数为167.85亿元，按年增加18.6%。综合8间券商料2018年每股全年派特别息介乎50至90仙，对比其2017年全年每股特别息为74仙。</p><p>券商│投资评级│目标价(元)</p>
博彩业基本面趋于转好 银河娱乐或将形成突破,https://news.10jqka.com.cn/m609493455/,利好,HK0027,银河娱乐,<p>智通财经APP获悉，对于今年博彩业，基本面正趋于好转，10月末开通的港珠澳大桥将带来可观的客流增量，11月澳门陆路入境的旅客同比大增47.9%，未来集团的中场业务将受益于新增游客。同时澳门正扩张国际航线，增加往来内地的新航线，特别是广东以外的“自由行”城市，这都是有利因素。其它制约因素，如控烟方面也在改善，今年2月起，大部份的吸烟室已被审批并将运作，预计公司在中场及贵宾厅的GGR会快速增长。短期催化因素，银娱(00027)主席吕志和于上周三(16日)增持公司115万股，每股作价32.5元，总值3738万元，最新持股量增至40.77%。同日，吕耀东亦以相同作价增持公司165万股，总值5363万元，最新持股量增至41.75%，这凸显了管理层对公司未来的信心。<br/></p>
银河娱乐1月16日因认股权获行使折让逾30%发行296.3万股,https://news.10jqka.com.cn/m609273173/,中性,HK0027,银河娱乐,<p>日采纳的认股权计划使认股权而发280万股股份，每股发行价32.5港元，较1月15日收市价折让31.07%。</p><p>日采纳的认股权计划使认股权而发约16.3万股，每股发行价30.85港元，较1月15日收市价折让34.57%。</p>
银河娱乐授出881.8万份认股权及78.37万股股份奖励,https://news.10jqka.com.cn/m608967041/,中性,HK0027,银河娱乐,<p>此外，在881.8万份授出的认股权及78.37万份授出的股份奖励当中，有665.6万份认股权及63.43万份股份奖励乃授予执行董事;及43.2万份认股权及50900份股份奖励乃授予银娱董事联系人。</p>
博雅生物血浆供应充足 血液制品批签发量快速增长,https://news.10jqka.com.cn/m611058154/,利好,HK0028,天安,"<p>能够实现31.57%的净利增速，一个重要原因是公司深入挖掘现有12个浆站的采浆能力，在新批浆站趋严的背景下，原料血浆供应量持续上升，全年采浆量约350吨。另一个原因是工艺优化，深耕市场。血液制品实现营业总收入9.04亿元，同比增长21.72%。报告期内，公司白蛋白批签发量86.25万瓶(折合成10g)，同比增长18.36%；静丙批签发量67.90万瓶(折合成2.5g),同比增长33.63%；人<a data-code=""FGEN"" data-marketid=""185"" data-position=""stock.4"" href=""#*f:FGEN:sc*#"">纤维蛋白原</a>批签发量50.70万瓶，同比增长36.67%；狂犬病人免疫球蛋白披签发量45.34万瓶，同比增长199.86%。据悉，博雅生物还是“人纤维蛋白原”龙头企业，该产品替代品少且具有稀缺性。</p><p>博雅生物方面披露，公司是国内少数具有新设浆站资质的企业之一,2019年将积极在符合条件的区域申请新设浆站。此外，博雅生物重要子公司<a data-code=""HK0028"" data-marketid=""177"" data-position=""stock.6"" href=""#*f:HK0028:sc*#"">天安</a>药业、新百药业2018年净利润分别为6036.04万元、6540.53万元，同比增速均超过20%。博雅生物持股75%的复大药业，是一家专业化、规模化的血液制品经销商，2018年实现净利润3096.75万元，完成了3000万元的年度业绩承诺。</p><p>在发布年度报告的同时，博雅生物公告了2019年1季度报告，今年1-3月，公司实现营业收入6.51亿元，同比增长31.82%；归属于上市公司股东的净利润8920.14万元，同比增长22.99%；每股收益0.21元。公司方面解释，目前公司血液制品业务和非血液制品业务均稳健发展。</p><p>券商研究报告认为，博雅生物的浆站多为近年新建，内生增长潜力大，且江西省设立浆站的空间还很充足。2018年，博雅生物募资10亿用于“千吨级血液制品智能工厂建设项目”以满足公司未来浆量增长的生产需求。</p>"
天安获股东庄舜而增持300万股,https://news.10jqka.com.cn/m610876928/,中性,HK0028,天安,
高龄电解槽15岁了——云铝阳宗海铝电解分公司电解槽“长寿之星”生产运行侧记,https://news.10jqka.com.cn/m610845302/,中性,HK0028,天安,<p>15年，云铝人通过不懈努力和追求，使“长寿之星”超过行业平均水平一倍，对于以天为年龄计算单位的电解槽来说，可谓奇迹。该炉诞生于云铝阳宗海分公司电解一部，被誉为云铝的“井冈山”，云铝自1970年建厂以来，经过两次技改，产能从最初的3000吨，发展到10万吨。该企业不仅是“绿色低碳水电铝”的先行者，而且近些年来一直保持铝行业最优水平。</p><p>15年前，云铝人为了延长电解槽的炉龄，该企业通过自主创新，不断摸索焦粒焙烧启动方法，大伙儿从灌电解质、测电压、打捞碳渣，一步步做起，在摸索过程中，坚守在电解槽边的创新者每天被汗水浸湿的衣服由干变湿，由湿变干，他们有时手臂上被烫出水泡，有的甚至头发与安全帽都粘在一起，但是没有一个人退缩，直到实行燃气焙烧技术后，这些现象再没有发生过。</p><p>为了提高操作质量，保障电解槽的平稳运行，云铝人持续优化焙烧启动方法和生产工艺，先后制定了“党团员示范槽”“状元槽组”“长寿槽挂牌”等激励机制，师傅们比操作、比责任、比指标，最终使电解槽的炉年龄不断延长。</p><p>一路走来，从装槽焙烧阶段开始，都有专门的工作人员24小时全程监管电解槽，随时监测阳极电流分布情况，并及时处理异常；不论从启动到正常生产，及查看数据、换极、检查槽况……每一个人对电解槽都像呵护孩子一样，特别是进入正常生产周期以后，平稳控制工艺成为中心工作，可以说这是一个长期坚持的过程。每天早班接班后，段长第一件事就是检查中夜班的工作记录、在线监测数据，然后进行现场测量，并根据情况微调参数，力求工艺和参数相匹配。同时根据不同槽况，工段适时组织探测炉帮、测量极距。一旦电解槽出现异常，大家立马观察，力争拿出最好的方法……有一次，师傅们在车间呆了一周时间，大家齐心协力解决问题。</p><p>记得有一年冬天，大雪纷飞，员工们坐交通车从城里赶到企业上班，途中职工被堵在大风垭口，眼看上班时间不断临近，几位师傅心急如焚，“犟脾气”上来，硬是顶着刺骨的寒风，步行十几公里赶回到车间。正是在这些员工的精心照料下，电解槽从未出现过大问题，炉龄一次次创出新高。</p><p>15年来，电解槽见证了云南铝业电解技术的一次又一次革新：电解质体系锂盐的添加，阳极的实用新型改造，计算机控制系统的升级换代……而每一次改变，都是云铝人根据不同的槽况，制定不同的控制措施，匹配不同的工艺参数，实施不同的操作方法，通过科学管理，电解槽在每次工艺调整、平稳过渡。从正式通电焙烧至今，电解槽已累计生产原铝约8200吨，实现产值超过1亿元。</p><p>随着槽龄的不断增加，电解槽的安全运行风险也在不断增大，电解一部针对“高寿电解槽”等实际，实施了“高龄槽稳定生产技术的研究与应用”项目，该技术依据现有高龄槽现状和特点，通过一整套槽况诊断、工艺控制、设备优化和操作管理，实现了电解槽的平稳、高效运行。</p>
China Spirit Ltd增持天安300万股 每股作价4.2港元,https://news.10jqka.com.cn/m610806092/,中性,HK0028,天安,
阳光城为清远天安智谷提供7125万元担保,https://news.10jqka.com.cn/m610745917/,利空,HK0028,天安,<p>资料显示，清远天安智谷有限公司成立于2014年4月，主要从事科技园区开发及管理；房地产开发等。</p><p>股权方面，阳光城全资子公司广州利碧鎏欣房地产有限公司持有清远天安产业园投资有限公司95%的股权，天安地产投资发展（深圳）有限公司持有清远天安产业园投资有限公司5%的股权，清远天安产业园投资有限公司持有其50%股权；清远君伟投资有限公司持有其20%股权；广东进田投资控股有限公司持有其30%股权。</p><p>而截至目前，公司及控股子公司对参股公司提供担保总额度为194.12亿元，实际发生担保金额为140.95亿元，占最近一期经审计合并报表归属母公司净资产61.34%。</p><p>另悉，清远天安智谷正开发清远高新区百嘉科技创新园项目。</p>
天安年度股东应占溢利减少39%至12.51亿港元,https://news.10jqka.com.cn/m610291450/,利空,HK0028,天安,<p>公告显示，年内溢利下跌主要塬因为2017年度出售一间附属公司带来约16.34亿港元收益，而2018年度并无出售附属公司。</p>
天安2018年纯利润较同期预计下降40%,https://news.10jqka.com.cn/m610127866/,利空,HK0028,天安,<p>纯利润下降主要原因是因为2017年曾出售一间附属公司，带来约16.34亿港元的收益。</p>
Vigor Online Offshore Ltd增持天安900万股 每股作价4.10港元,https://news.10jqka.com.cn/m609224556/,中性,HK0028,天安,
天安向放债服务公司借出3.5亿元,https://news.10jqka.com.cn/m608606652/,中性,HK0028,天安,
天安附属授出3.5亿港元贷款,https://news.10jqka.com.cn/m608604053/,中性,HK0028,天安,
天安向苏州象屿地产注资13亿元,https://news.10jqka.com.cn/m607781848/,中性,HK0028,天安,<p>于2018年9月29日，中国附属公司与现有股权持有人订立增资协议，据此，中国附属公司及现有股权持有人同意由中国附属公司以注资13亿元的方式增加目标公司的注册资本及资本公积。目标公司于中国相关工商部门的新增注册资本及资本公积登记手续已于10月19日完成。</p><p>于2018年10月22日，中国附属公司与现有股权持有人订立合作合同，以规管订约方的权利与义务以及有关目标公司的管理及事务。</p>
天安人寿主业亏6.8亿仍靠激进投资 偿付能力充足率112%接近监管红线,https://news.10jqka.com.cn/m605408142/,利空,HK0028,天安,"<p>长江商报记者但慧芳</p><p>然而，长江商报记者发现，天安人寿从去年至今在保险主业上的表现，却并不尽如人意。其今年一季度偿付能力报告数据显示，今年一季度保险业务收入153.58亿，同比下降33.88%，净利润亏损达6.85亿元，综合偿付能力充足率在上季度的基础上进一步跌至112.59%，接近监管规定的100%红线。</p><p>“保险公司整体来看，固收资产配置所占投资比重一般最大，权益类投资所占比重相对较少，主要追求安全性和回报的稳定性。一些老牌保险公司尤为明显。”6月30日，一位保险资管公司投资人士对长江商报记者表示，“不过仍有一些激进的中小险企等，保持着对二级市场的热衷，试图‘短期赚快钱’，当然风险也相对更大一些。”</p><p>有险企人士分析，天安人寿业务比重中，趸缴保险的比重依然较重，保户的投资利息收入等开销较大，这可能会使得天安人寿在博取投资收益上更为激进。</p><p>天安人寿2017年年报显示，其一款万能险总保费收入高达151.80亿，占保险业务收入的31.55%，5款“爆款”产品，均为投资型保险，2017年贡献的总保费收入高达479.6亿。</p><p>天安人寿今年在A股二级市场的表现，实为迅速。</p><p>近日，天安人寿在中国保险行业协会官网上披露了投资<a data-code=""600418"" data-marketid=""17"" data-position=""stock.8"" href=""#*f:600418:sc*#"">江淮汽车</a>股票的资金运用关联交易信息。公告显示，于5月30号通过大宗交易方式，受让江淮汽车2814.78万股无限售流通股，交易金额1.95亿元。公告称，此次交易的主要目的是优化账户内资产配置，寻求委托资产的稳健增值。</p><p>从持股比例来看，天安人寿在永利股份持股比例已达到1.98%，持股900万股；对太阳能的持股比例达到1.53%，持股达4591.68万股；东方财富的持股比例1.22%，持股5228.17万股。</p><p>算上此前天安人寿通过二级市场已经进入的上市公司兴业银行和江淮汽车，天安人寿已成为的上市公司前十流通股东或股东达10家。</p><p>这一新投资策略或与其2017年投资收益的下滑有关。天安人寿2017年年报显示，当年投资收益为66.38亿，相比2016年同期的71.29亿，下滑6.89%。</p><p>在“出手”A股之外，天安人寿投资方面还较为依赖子公司创造的利润。</p><p>在2017年天安人寿的合并净利润与母公司净利润之间有将近7.41亿元的差额，其中天安人寿2017年母公司净利润为-8.81亿元。在“吸收”了4家新设立非保险子公司10.21亿元的净利润后，才实现整体盈利1.40亿元。而这其中，天安人寿通过“权益法核算的长期股权投资成本低于占被投资方科辨认净资产公允价值份额的差额”一项营业外收入，就增收25.27亿元。</p><p>在天安人寿的历史上，万能险业务是其快速发展的关键砝码。2015年-2016年天安人寿保费收入位居前五位的保险产品中，分别有三款万能险保险产品。</p><p>2017年天安人寿的万能险比重正在下降，其前保费收入位居前五位的保险产品中，仅一款为万能险，但该万能险总保费收入高达151.80亿，占保险业务收入的31.55%，仍然是其主打业务收入。</p><p>从具体的险种业务来看，天安人寿趸缴业务收入在2017年仍高达181.24亿，占保险业务收入的37.67%；从渠道收入来看，天安人寿2017年481.10亿的保险业务收入中，有401.89亿来自于银代渠道，占比高达83.54%，个人渠道和经代渠道所占的比重之和仅为14.11%。</p><p>对于投资型产品业务的拓展，也使得退保金、赔付支出和手续费及佣金支出较大。</p><p>天安人寿2017年年报合并报告的营业支出显示，退保金达100.96亿元，占营业支出整体的16.66%。相比2016年同期占比和总额虽然均有所下降，但所占的比重依然较高。</p><p>同时，赔付支出成为天安人寿增长较快的营业支出项。2017年，天安人寿赔付支出达27.17亿，相比2016年同期的8.13亿增长234.19%。而赔付支出的大幅增长，很大程度上来自于保险业务的满期给付、年金给付，而不是赔款支出、死伤给付和医疗给付。天安人寿2017年年金给付高达16.60亿，这是使得其赔付支出增长的最直接原因。满期给付和年金给付两项就占到其赔付支出的88.59%。</p><p>在手续费及佣金支出上，天安人寿2017年支付的额度达63.23亿，占其营业整体支出的10.43%，相比2016年同期，上涨126.71%。</p><p>相比2017年的盈利，2018年一季度天安人寿又面临着主业亏损的考验。</p><p>2018年第一季度偿付能力报告显示，一季度保险业务收入153.58亿，同比下降33.88%，净利润亏损达6.85亿元。</p><p>严监管之下，投资型的万能险大幅减少，这也带来了天安保险业务规模的下滑。</p><p>中国银保监会官网显示，天安人寿今年1-4月原保险保费收入186.93亿元，代表万能险的保户投资款新增交费为111.01亿元，万能险比重依然较高。相比2017年同期原保险保费收入266.55亿元和177.23亿元，分别下滑29.87%和37.36%。保费规模下滑幅度在三成左右。</p><p>值得关注的是，自2017年以来，天安人寿综合偿付能力充足率和核心偿付能力充足率均在相对较低水平徘徊。</p><p>历史数据显示，2017年1季度至2018年1季度5个季度，天安人寿的综合偿付能力充足率均在150%之下，今年一季度更是降为112.59%，已连续两个季度出现下滑，成为偿付能力风险较大的保险公司。其核心偿付能力则均在100%上下徘徊，今年一季度降为91.26%，几乎达到天安人寿的历史最差水平。</p><p>在公司治理上，天安人寿还面临着五大股东股权对等问题和董事长长期空缺等问题。</p><p>公开的历年偿付能力报告资料显示，2016年1季度起，天安人寿的董事长和总经理均空缺，由如今的总经理陈玉龙作为临时负责人，而该高管在2016年6月起才被获批担任天安人寿副总经理，在2017年8月才正式被任命为总经理。董事长一职一直在其披露信息上未见显示。</p><p>成立于2000年11月的天安人寿，目前5大社会法人股东仍是“同进同出”，注册资本已增资至145亿，但五大股东的持股比例仍各为20%，实际控制人一直处于空缺状态。</p>"
天安人寿一季度价值保费41.4亿 增长近五成,https://news.10jqka.com.cn/m603932384/,利好,HK0028,天安,<p>银保渠道方面，两年时间内快速推进由中短期转向中长期、由趸交转向期交，一季度实现银保长期期交21.1亿元，同比增长70倍。</p><p>营销渠道方面，天安人寿借助科技创新挖掘新的经营活力，围绕基本法和内含价值不断优化队伍，在10万人力的基础上，实现了价值业务发展，一季度实现营销标保10.7亿元。</p><p>中介渠道一季度实现标保6.5亿元，行业排名居前。</p><p>此外，2017年新设立的续期与创新渠道一季度标保1.8亿元，同比增长4%；法人渠道一季度实现法人短险1.2亿元，同比增长79%。(刘敬元)</p>
天安在沪打造“沉浸式”购物休闲综合体,https://news.10jqka.com.cn/m603881762/,利好,HK0028,天安,"<p>据悉，建造中的千树项目总共将提供总面积达100,000平方米的购物休闲空间，包括时尚、餐饮、娱乐、休闲、运动、亲子等租户组合。购物中心部分将于2019年下半年率先开幕，届时有望吸引众多全球各地的游客和本地顾客前往观光和体验。</p><p>“我们看好中国商业地产的前景，中国消费者生活方式和购物模式的改变，倒逼传统商业项目往更具新意和体验化的方向发展。”天安中国投资有限公司CEO李成伟表示，消费需求日趋多元，购物不再是商场唯一的“表达”方式。“更多的是将多元化及创新体验诠释于时尚、餐饮、娱乐、休闲、运动、亲子等方面。因此我们致力于把千树打造为与众不同的休闲生活场所，创意性地将历史、建筑、自然、艺术、潮流等多位感官融为一体，打造名副其实的‘沉浸式’生活方式体验，而这正是线上购物无可取代的。”</p><p>当前，体验式商业市场份额逐年扩增，能否在激烈市场格局中突围，相当程度上也取决于对消费者的把握。第一太平戴维斯华东区董事长朱兆荣认为，“今天我们看到，千禧一代已经成为消费的主力军，他们追求个性化，希望获得与众不同的体验，因此千树项目从开发之初就坚持‘差异化’的定位。招商规划方面，我们将在大众潮流和小众精品业态间进行平衡，让消费者跟随大众推荐之余，也将更多流量和时间放在创意品牌和单品上。”</p><p>“我们的愿景是打造一个富有创意活力、便于交流分享、文化与知识融合的都市综合体地标，让城市有更完善的商业格局、更丰富的文化艺术氛围、更具活力的都市节奏和生活方式。”李成伟说。</p>"
三上市险企去年地产投资余额550亿元 平安与新华租金收入大增五成,https://news.10jqka.com.cn/m603662443/,利好,HK0028,天安,<p>■本报记者苏向杲</p><p>随着上市险企年报陆续披露，2017年上市险企地产投资情况也随之出炉。据《证券日报》记者梳理，中国人寿、中国平安、新华保险三家上市险企去年末的投资性房地产余额合计为550亿元，较年初增长约80亿元，增长17%。</p><p>引人注意的是，中国平安和新华也披露了去年租金的收入情况，其中，中国平安2017年“投资性房地产的租金收入”为27.57亿元(2016年为18.22亿元)，同比增长51.31%；新华保险“其他业务收入”项下的“租金”收入为2.6亿元，同比增长50.3%。</p><p>事实上，去年以来险企热衷于地产投资，除部分自用外，在大类资产配置中，地产投资收益率较高也是一大原因。本报记者获得的一份行业交流数据显示，投资性房地产去年单月收益率可达到1.4%，单月投资收益率高于银行存款、债券、证券投资基金、股票等投资资产。</p><p>尽管各险企在大类资产配置中，投资性地产的配置占比不多，但去年已披露相关数据的三家险企余额均出现不同幅度的增长。</p><p>所谓投资性房地产，是指为赚取租金或资本增值，或两者兼有而持有的房地产，包括已出租的土地使用权、持有并准备增值后转让的土地使用权、已出租的建筑物。</p><p>整体来看，中国人寿、中国平安、新华保险三家上市险企去年年末的投资性房地产余额合计为550亿元，较年初增长约80亿元，增长17%。</p><p>具体来看，2017年，中国平安、新华保险、中国人寿投资性房地产余额分别为471.54亿元、47.41亿元、30.64亿元，较2016年年末分别增长11.2%、39.6%、157.3%。</p><p>中国平安在年报中还提到，于2017年12月31日，集团净额约为人民币20.4亿元的投资性房地产的产权证正在办理中。</p><p>不难看出，目前中国平安的投资性房地产余额在已披露三家上市中居第一位，增速较为平稳；新华保险与中国人寿由于此前该项投资基数较低，出现较快增速。</p><p>险企热衷于地产投资，除部分自用外，在大类资产配置中，地产投资收益率较高也是一大原因。本报记者获得的一份行业交流数据显示，投资性房地产去年年初单月收益率可达到1.4%，单月投资收益率高于银行存款、债券、证券投资基金、股票等投资资产。</p><p>除投资余额出现增幅之外，就此前颇受业界关注的投资性地产计量方式上来看，据本报记者梳理，目前上述3家险企均对投资性房地产按照成本法进行初始计量。</p><p>在房地产投资余额出现较大增幅的同时，上市险企的租金收益也出现较快增速。据《证券日报》记者统计，去年中国平安与新华保险租金收益合计近30亿元，同比增长51.22%。</p><p>其中，中国平安2017年“投资性房地产的租金收入”为27.57亿元(2016年为18.22亿元)，同比增长51.31%；新华保险“其他业务收入”项下的“租金”收入为2.6亿元，同比增长50.3%。</p><p>除获得租金收益外，险企的部分地产也被用于抵押。例如中国平安提到，于2017年12月31日，集团净额为人民币112.98亿元的投资性房地产用于账面值为人民币45亿元的长期借款的抵押物。</p><p>需要说明的是，尽管去年险企投资房地产租金收益取得较快增速。但目前投资性房地产在险企中各类投资中占比依旧较低，例如中国人寿2017年年末的占比仅为0.12%，2016年甚至为0.05%。</p><p>事实上，从大型险企的投资策略上来，由于符合保险资金久期的特点，近年来大型险企均以固收类投资为主，地产投资在险企的投资投资组合中占比普遍不高。</p><p>例如，中国人寿副总裁就中国人寿2017年的投资策略表示，基于寿险负债特征，公司抓住利率上行时机，加大固定收益类资产和长久期债券配置，包括对债券类金融产品的投资力度。</p><p>从地产投资面临的风险来看，中国平安在年报中提到，集团持有的投资性房地产面临房地产价格风险。其年报中提到，本集团跟踪房地产投资敞口，监测相应区域房地产价格变动，分析宏观政策和区域经济发展对房地产价格的影响，聘请独立评估师评估公允价值，定期开展压力测试。2017年12月31日，集团投资性房地产中房屋及建筑物的公允价值为人民币675.32亿元。</p><p>事实上，针对地产投资，监管部门此前表示，保险机构投资不动产，应当坚持长期投资、价值投资和资产负债匹配管理原则，避免参与短期炒作，不得投资开发或者销售商业住宅，不得直接从事房地产开发建设(包括一级土地开发)，不得向不动产投资项目提供无担保债权融资，不得投资设立房地产开发公司，或者投资未上市房地产企业股权(项目公司除外)。保险机构以债权、股权、物权方式投资的不动产，其剩余土地使用年限不得低于15年。</p>
六险企首月筹划增资65亿元 凸显结构调整扩大规模压力,https://news.10jqka.com.cn/m602917490/,利好,HK0028,天安,<p>开门红首月，保险公司再现一波增资潮。据《证券日报》记者梳理，今年1月份以来，共有6家保险公司发布64.84亿元增资计划，其中有6.81亿元增资计划已获得保监会通过，其余增资计划尚待保监会批准。</p><p>具体来看，中邮人寿拟增资50亿元，成为今年以来拟增资额最多的险企。同时，太平再保险拟增资5亿元；信利保险拟增资1000万美元(按2月7日汇率，约6254万元人民币)；汉诺威再保险上海分公司拟增资2.4亿元。另外，保监会在1月份分别批准了瑞泰人寿1.81亿元及华泰人寿5亿元的增资申请。</p><p>从增资原因来看，一方面，部分险企由于业务结构调整带来增资需求，例如瑞泰人寿；另一方面，根据保监会此前的规定，由于险企的注册资本金与业务规模有直接关系，补充资本金可以推动业务发展、提升业务规模。</p><p>从增资的寿险公司来看，个别险企万能险占比较高。</p><p>例如，瑞泰人寿去年前11个月的保费数据显示，其原保费、保户投资款新增交费、投连险独立账户新增交费以及规模保费分别为33160.61万元、98424.9万元、1268.17万元以及132853.68万元，同比增速分别为-21.4%、-54.9%、-32.5%、-49.4%。值得关注的是，其以万能险为主的保户投资款新增交费占规模保费的比值达到74%。</p><p>同时，瑞泰人寿偿付能力报告显示，其2017年第四季度基本情景下经营活动实际净现金流约为-8.58亿元，与上季度预测值-8.69亿元相比，净现金流出减少约0.11亿元。四季度实际净现金流出减少的主要原因有以下两点：第四季度各账户实际保费收入及其他业务收入现金流入合计比上季度预测增加约0.81亿元，各账户实际退保及费用现金流出合计比上季度预测增加约0.70亿元。</p><p>瑞泰人寿表示，在压力情景未来三个月现金流预测中，公司整体净现金流出现资金缺口，主要是由于万能账户预期到期资产及利息收入现金流入不足以弥补万能账户退保现金流出及偿还卖出回购金融资产所产生的现金流出导致。为应对未来可能面对的资金缺口，资产管理部将配合公司需要，进行回购操作，或者择时出售流动性资产等方式，来满足公司的流动性需求。</p><p>再如去年年末完成增资的陆家嘴国泰人寿，其2017年前11月的原保费、保户投资款新增交费、规模保费分别为137501.55万元、75792.9万元、213305.1万元，增速分别为82.8%、121.7%、94.9%。引人注意的是，其万能险不仅增速快，而且以万能险为主的保户投资款新增交费占规模保费的比值达到35.53%。</p><p>保监会披露的数据显示，人身险公司方面，从2017年寿险业务结构看，普通寿险业务规模保费占比47.2%，较去年底上升11.1个百分点；万能险19.95%，下降16.9个百分点；分红险31.05%，上升7.3个百分点。不难看出，上述险企前11月万能险占比较高。</p><p>从各个险企的增资额来看，今年以来中邮人寿的增资额最大。</p><p>本报记者获悉，中邮人寿第一次临时股东大会于2018年1月15日在北京召开，审议《关于的议案》(下称议案)，会议通过了增资50亿股、增资金额50亿元的提案。增资种类为普通股，采取方式为非公开定向增资，增资金额全部以现金方式认购。</p><p>具体增资方案方面，中邮人寿的四位股东中国邮政集团公司、北京中邮资产管理有限公司、中国集邮总公司和邮政科学研究规划院将分别增资25.46亿元、10亿元、8.125亿元和6.415亿元。增资完成后，股东持股比例保持不变，上述股东具体持股比例分别为：50.92%、20%、16.25%和12.83%。目前该增资申请仍在计划中，尚需要保监会批准。</p><p>引人注意的是，若中邮人寿此次增资顺利获得保监会批准，其注册资本将达到150亿元，注册资本金进入寿险公司前十。</p><p>从偿付能力来看，中邮人寿最新披露的风险综合评级显示，其去年二、三季度的风险综合评级结果均为A类。去年四季度末的综合偿付能力充足率与核心偿付能力充足率分别为165.95%、141.97%</p><p>流动性风险方面，中邮人寿在偿付能力报告中表示，公司净现金流、综合流动比率、流动性覆盖率等流动性指标良好，按照《保险公司偿付能力监管规则第12号：流动性风险》相关规定要求，按季度监测各类流动性风险监管指标，有效防范流动性风险。</p><p>保监会披露的2017年前11个月保费数据显示，中邮人寿原保费、保户投资款新增交费、规模保费分别为4047163.96万元、813.45万元、4047977.41万元，同比增速分别为39.9%、172.1%、39.9%。虽然以万能险占绝大多数的保户投资款新增交费出现较快增长，但占规模的比值不足1%，由此可见其保费结构调整迅速。</p>
天安(00028-HK)遭Argyle Street Management Holdings Limited抛售1883.2万股,https://news.10jqka.com.cn/m602161206/,利空,HK0028,天安,
天安人寿转型成效显 续期保费增长快,https://news.10jqka.com.cn/m599923282/,利好,HK0028,天安,<p>2017年第一季度，天安人寿以22.3亿元价值保费超越2016年全年。在续期保费方面，2017年天安人寿个险、银保、经代等多渠道发力；截至2017年7月末，天安人寿续期保费65.93亿元，与去年同期5.71亿元相比，同比增长1055%，折射出天安人寿大力发展价值型业务的成效。</p><p>在转型过程中，天安人寿先后推出多款风险保障型产品和长期储蓄型产品。另一方面，转型也为天安人寿带来了新的收获，天安人寿全服务的客户总量由2015年底的59.5万人发展为2017年6月底的173万人。</p><p>看到转型带来的经营成果后，如何更好地为广大客户创造价值便成为了天安人寿思考的问题。天安人寿深知为客户提供优秀的保险产品固然重要，后续的理赔服务却更能为客户创造价值。因此，天安人寿将“尊重、践诺、透明、快速”的理赔服务理念贯穿在日常的每一件理赔案中。</p><p>随着转型的成功、服务客户数量的激增，全系统的理赔案件数量有了大幅增加，天安人寿的理赔压力也随之增大，但天安人寿并未因此降低自身的服务品质。在天安人寿看来，专业、高效、温暖的理赔服务是为客户创造价值的最好体现，而来自客户的认可与信任又是天安价值最真实的反馈。</p>
天安(00028)中期纯利同比增加226%至16.71亿港元 不派息,https://news.10jqka.com.cn/m599750033/,利好,HK0028,天安,<p>公告称，溢利增加主要是出售一间持有非核心资产的附属公司带来16.34亿港元的收益。于2016年上半年，一项类似的出售带来1.25亿港元 的收益。</p>
天安人寿上半年净利润亏损近8亿 集团化之路遇挫折,https://m.jiemian.com/article/1540066.html,利空,HK0028,天安,"<p>截至8月9日，逾70家险企陆续公布了2017年二季度偿付能力报告，部分中小寿险难以摆脱亏损困境。</p><p>究竟发生了什么？</p><p>投资收益骤降导致亏损</p><p>根据二季度偿付能力报告，截至第二季度末，天安人寿净利润为-7.7亿元，而该公司截至第一季度末的净利润为-10.35亿元。</p><p>从前5个月天安人寿原保险保费收入情况看，公司实现原保费收入309.99亿元，较去年同期增长了91%，保户投资款新增交费收入(多为万能险)198.48亿元，较去年同期增长了2%。</p><p>为何两种收入都在增加，净利润却在大额亏损？</p><p>一位保险业精算人士告诉《国际金融报》记者，原因是多方面的，“这家公司之前的产品都很激进，也是去年被保监会要求整改万能险业务的9家险企之一。如今在保险行业整体被严厉监管的大背景下，这家公司保费收入还在快速增加，万能险也在逆势增长，<strong>其利润出现大幅亏损应该是投资收益下滑导致</strong>”。</p><p>公开数据显示，2016年，天安人寿的投资收益率为11.7%，而2017年第一季度仅为1.6%，第二季度持续下滑。</p><p>记者梳理发现，成立已16个年头的天安人寿，除了2015年和2016年出现微盈利，这家公司在2009年至2014年一直处于亏损状态，8年总计亏损15.45亿元。</p><p>在2016年，天安人寿有大规模增资，其注册资本从45亿元直接增至145亿元，晋级寿险公司前列。</p><p>不过，百亿增资并未让这家公司的偿付能力出现多大变化，依旧在下游徘徊，其第二季度核心偿付能力充足率为101.98%，综合偿付能力充足率为130.60%。</p><p>有业内人士认为，这或许与其万能险业务消耗资金有关。</p><p>6月29日，天安人寿发布消息称，公司斥资55亿元收购了北京农村商业<span id=""bk_475"">银行</span>11亿股，本次交易完成后，天安人寿将持有北京农村商业银行9.06%的股权。</p><p>此外，2015年以来，天安人寿还拟斥资21.19亿元，参与<span id=""stock_0005022"">绿景控股</span>定增，如果实施完成，天安人寿将成为绿景控股第一大股东，占该公司发行后总股本的22.51%，该部分股份锁定期为三年。另根据减持新规，大股东减持比例受到诸多限制，如果天安人寿将绿景控股作为财务投资项目，那么其退出周期将会非常漫长。</p><p><strong>不过，根据公开信息，今年5月31日，绿景控股已经宣布向证监会申请撤回定增申请文件，要对非公开发行方案进行调整。</strong></p><p>受监管、盈利以及转型因素影响，天安人寿的评级展望也被降低。中债资信7月份将天安人寿的评级展望由2017年一季度的“稳定”调整至“负面”，并维持天安人寿主体信用等级AA-、债项信用等级A+评级不变。该评级机构表示，“天安人寿的公司治理和风险管理稳定性仍有待提高。”</p><p>之所以降低评级，该机构指出，主要是考虑到天安人寿此前的发展模式面临较大的调整压力，在保监会对人身险产品做出监管举措后，天安人寿原有产品体系会受到冲击，相关渠道、人员储备等都面临调整压力，承保端收入或出现负相变化，市场竞争力也会有所弱化。</p><p>一位不愿透露姓名的保险业内人士向《国际金融报》记者透露，“如果不受监管干预以及‘明天系’背景拖累，天安人寿此前有意集团化运营的战略早已实现。”</p><p>根据二季度偿付能力报告，目前该公司股权并未出现变化，依旧是大连桥都实业、杭州滕然实业、领锐资产、北京金佳伟业、陕西华秦土地复垦整理工程公司各持股20%，至于今后是否会出现股权变动，目前无法获悉。</p><p><strong>然而，从偿付能力报告披露的总公司高级管理人员基本情况看，董事长、总经理职位仍处于空置状态。</strong></p><p>不包括董事会成员，公司目前主要有7位高管在维持日常工作。主持日常经营管理工作的是公司副总经理陈玉龙；财务负责人是副总经理唐宁；负责业管、运营客服信息技术工作的是副总经理张连庆；负责公司银保业务、银保渠道、法人业务的是副总经理解彤；总精算师刘勇也兼任副总经理，负责战略企划、品牌、精算、产品市场工作。其中，解彤、陈玉龙、刘勇3位副总经理均是2016年新上任的高管。</p><p>董事长崔勇的任职资格也是2016年5月份获批的，但半年不到，市场又曝出崔勇已经辞去天安人寿董事长职务，并回归旧东家华夏久盈资产管理公司任常务副总经理的消息。目前，新任董事长人选尚不清楚。</p><p>自总经理郭自光2015年5月辞职后，该职位一直空置，此前一直是崔勇在临时负责，如今是副总经理陈玉龙在临时负责。</p><p>至于今年5月份一度被传失联的天安人寿首席风险官朱翼炜的去向，偿付能力报告中也并未解释。朱翼炜此前一直在保监系统内任职，曾任上海保监局寿险处处长、保监会贵州保监局副局长等职务。</p><p><strong>关于利润亏损、高管波动、万能险以及信用评级等问题，《国际金融报》记者向天安人寿发出采访提纲，但是截至记者发稿，对方并未给予回复。</strong></p><p>有业内人士向《国际金融报》记者透露，“天安人寿去年的人事变动主要是为公司集团化布局调整的，但后期被监管搅局，只能不了了之。”</p>"
天安(00028.HK)预计中期纯利同比大幅增加,https://news.10jqka.com.cn/m599519838/,利好,HK0028,天安,
天安人寿被列负面评级：盈利模式面临调整压力 高管频调整,https://news.10jqka.com.cn/m599261960/,利空,HK0028,天安,"<p>中国网财经7月19日讯(记者 郭伟莹) 近日，中债资信评估有限公司(以下简称“中债资信”)发布<a data-code=""HK0028"" data-marketid=""177"" data-position=""stock.2"" href=""#*f:HK0028:sc*#"">天安</a>人寿保险股份有限公司(以下简称“天安人寿”)的评级报告。报告显示，天安人寿的信用等级为AA-，债项信用等级为A+。另外，天安人寿的评级展望由3月底的“稳定”被调整为“负面”。</p><p>从业务结构来看，天安人寿万能险保费贡献率居高不下，受到人身险保险产品一系列限制后，其业务发展和调整结果还有待观察。而从公司治理角度来看，去年天安人寿共发生包括董事长在内的10位高管人员调整。</p><p>去年以来，保监会出台了一系列关于人身保险产品的规范性文件。2017年上半年保监会‘1+4’系列文件也陆续出台，众多险企正历经转型与发展的双重考验。</p><p>天安人寿作为以资产驱动负债的“代表”性寿险公司，自2009年改制以来，迅速扩张业务规模。2011年启动总部迁址北京后，分支机构数量由2011年的4家迅速攀升至2016年的217家(含筹)。单独看2016年，其分支数量与2015年相比增长接近1倍。</p><p>从业务结构来看，天安人寿始终以传统险和万能险经营为主。保监会数据显示，2013-2016年，天安人寿保户投资款新增交费(一般以万能险保费为主)收入分别为68.3亿元、73.7亿元、120.1亿元、352.1亿元，当年保费贡献率分别为77.1%、72.5%、38.6%、51.2%。</p><p>受到中短存续期产品政策限制以及保监会下发监管函针对万能险独立账户、互联网保险销售等问题进行整改的影响，今年以来天安人寿的万能险保费占比波动较大，其业务结构调整效果仍有待观察。</p><p>从今年保费数据来看，天安人寿万能险保费占比波动较为明显。虽然1月和前2月以万能险为主的保户投资款新增交费占比降至40%以下，但一季度占比又飙升至63.8%。前4月该占比降至39.9%，而前5月又升至64.0%。</p><p>另据数据显示，一季度天安人寿退保率为10.9%；而2016年退保率较高为25.3%。此外，续期保费占比率极低，一季度为1.2%，而去年也仅为1.3%。渠道方面，天安人寿仍以银保渠道为主，一季度银保渠道规模保费占比为70.9%，2014-2016年该占比分别达到79.9%、89.6%、76.1%。</p><p>数据显示，天安人寿今年一季度亏损10.4亿元。而这是其在去年实现小幅盈利后，紧接着出现的大幅季度亏损。值得注意的是，2016年天安人寿实现净利润0.9亿元，而仅去年一季度即亏损13.9亿元。</p><p>从投资方面来看，今年一季度末，天安人寿固定收益类资产占比为32.5%，较去年末稍有下降；权益类资产则下降3.44个百分点至19.6%；流动性资产占比波动较大，今年一季度末为22.5%，而去年末则为12.5%。</p><p>受资本市场波动和季度因素影响，相比去年末，今年一季度投资收益情况明显下降。去年投资收益率为11.7%，今年一季度仅为1.6%。鉴于天安人寿现有的盈利模式高度依赖投资端收益，在资本市场波动较大、整体收益水平下行的市场环境中，其投资收益必然面临一定的压力。</p><p>另据中债资信报告，天安人寿负债久期大于资产久期，且久期缺口逐渐扩大。2016年久期缺口为2.24年，面临的再投资风险较大。天安人寿一季度偿付能力报告显示，预计其1-3年、3-5年、5年以上综合流动比率将由77%大幅降至41%，再下跌至5%。</p><p>2016年以来，天安人寿共发生10位包括董事长和主要负责人团队在内的高管人员调整。其中，董事长崔勇于2016年5月20日任职资格获批。解彤、陈玉龙、刘勇3位副总经理也于2016年上任。</p><p>2016年天安人寿10位新任高管 数据来源：保监会官网 制表：中国网财经 </p><p>上述资料显示，2016年天安人寿有五位新增董事，分别为史欢宇、高焕利、洪伟、吉喆、唐宁，但是，天安人寿董事成员一栏(更新日期为2017年6月1日)中包括史欢宇和唐宁，其他三位董事并未出现，其中发生何等变故尚不知晓。</p>"
天安财险淮南中支虚列中介渠道业务和费用 被罚15万,https://news.10jqka.com.cn/m598631943/,利空,HK0028,天安,<p>安徽保监局表示，经常，2016年5月至2017年1月期间，天安财产保险股份有限公司淮南中心支公司(以下简称天安产险淮南中支)存在虚列中介渠道业务和虚列费用的问题，套取资金用于维护相关业务。时任总经理张冬对上述行为负有直接责任。</p><p>安徽保监局认为，上述行为分别违反了《中华人民共和国保险法》(2015年修正)第一百一十六条第十项、第八十六条第二款的规定，上述行为分别违反了《中华人民共和国保险法》(2015年修正)第一百一十六条第十项、第八十六条第二款的规定。依据依据该法第一百六十一条、第一百七十条、第一百七十一条的规定，安徽保监局决定对天安产险淮南中支罚款15万元，对张冬警告并罚款2万元。</p>
天安(00028-HK)年度多赚120% 拟派末息每股32.5港仙,https://news.10jqka.com.cn/m596972718/,利好,HK0028,天安,<p>公告称，净利润增加主要是因为出售持有非核心资产附属公司收益约39.4亿港元;收购一间上市附属公司约90.65%权益收益 15.88亿港元。</p><p>集团将保留若干发展物业作投资，相信该等物业投资将提供增长的租金流入及相应的资本增值;将集中力量发展数码城及城市更新项目，并相信该等产品受政府及当地市场欢迎。</p>
SY Robin Chua辞任达力集团独立非执行董事等职,https://news.10jqka.com.cn/m611055444/,利空,HK0029,达力集团,
达力集团将派发中期股息每股0.03港元,https://news.10jqka.com.cn/m610200366/,中性,HK0029,达力集团,
达力集团委任陈永栽为执董及董事会主席,https://news.10jqka.com.cn/m610053979/,中性,HK0029,达力集团,<p>Khao已获委任为公司执行董事;公司执行董事赵少鸿已获委任为公司代理行政总裁;公司独立非执行董事TAN Kenway </p><p>Hao已获委任为董事会提名委员会成员及主席，均自2019年3月4日起生效。</p>
达力集团董事局成员变动,https://news.10jqka.com.cn/m610053706/,中性,HK0029,达力集团,
达力集团中期纯利4441.8万元跌44%,https://news.10jqka.com.cn/m610001007/,利空,HK0029,达力集团,<p>就截至2018年12月31日止6个月的中期股息，该公司将于2019年3月12日召开个别董事会会议，以考虑并审批其中包括此期间的中期股息的宣派及支付。</p>
达力集团：Carnation股份转让获豁免全面收购责任,https://news.10jqka.com.cn/m609999434/,中性,HK0029,达力集团,<p> Limited为香港一间专业持牌信托或公司服务提供者)。</p><p>由于该转让可能会导致Honourway根据香港公司收购及合并守则规则26.1须就所有已发行股份作出全面收购建议的责任，该公司并已获告知，Honourway已申请豁免其因该转让所引致就股份须作出全面收购建议的责任，而香港证券及期货事务监察委员会企业融资部执行董事已授出有关豁免。</p>
达力集团中期股东应占溢利同比减少43.69%至4441.8万港元,https://news.10jqka.com.cn/m609998939/,利空,HK0029,达力集团,<p>公告称，业绩主要源自集团以人民币结算的投资物业租金收入以及78%的稳定毛利率。</p>
达力集团：圳华强制清算期限延至7月,https://news.10jqka.com.cn/m609858699/,中性,HK0029,达力集团,
达力集团行使认股权折让发行150万股,https://news.10jqka.com.cn/m608671919/,中性,HK0029,达力集团,
达力集团因认股权获行使 折让84.41%发行150万股,https://news.10jqka.com.cn/m608669020/,中性,HK0029,达力集团,
达力集团因认股权获行使 折让85.46%发行165万股,https://news.10jqka.com.cn/m608598097/,中性,HK0029,达力集团,
陈永涵及陈永杰退任达力集团执行董事等职务,https://news.10jqka.com.cn/m608578711/,利空,HK0029,达力集团,<p>继陈永涵退任执行董事后，其已不再担任公司主席、提名委员会主席及薪酬委员会成员，自周年大会结束后生效。继陈永杰退任执行董事后，其已不再担任公司行政总裁以及提名委员会及薪酬委员会成员，自周年大会结束后生效。</p>
达力集团年度股东应占溢利增长9%至1.26亿港元 每股派息0.04港元,https://news.10jqka.com.cn/m607371375/,中性,HK0029,达力集团,
达力集团：圳华强制清算的期限延至2019年1月,https://news.10jqka.com.cn/m606771650/,利空,HK0029,达力集团,<p>该公司刚刚接获清算组通知，中国法院已接受清算组的提呈，再进一步延长强制清算6个月的期限至2019年1月。</p>
达力集团(00029.HK)：购股权获行使折让85.38%发行10.75万股,https://news.10jqka.com.cn/m603749527/,中性,HK0029,达力集团,
达力集团(00029)中期净利润增35.99%至7887.6万港元,https://news.10jqka.com.cn/m603146758/,利好,HK0029,达力集团,
达力集团(00029)延长圳华强制清算的期限至7月份,https://news.10jqka.com.cn/m602907127/,利空,HK0029,达力集团,<p>该公司刚刚接获清算组通知，由于强制清算所涉及事宜的复杂性，中国法院已接受清算组的提呈，再进一步延长强制清算6个月的期限至2018年7月。</p>
达力集团(00029.HK)再延长圳华强制清算期限至7月,https://news.10jqka.com.cn/m602906796/,利空,HK0029,达力集团,<p>公司刚刚接获清算组通知，由于强制清算所涉及事宜的复杂性，中国法院已接受清算组的提呈，再进一步延长强制清算6个月的期限至2018年7月。</p>
达力集团(00029)2017财年净利润增27.57%至1.16亿港元,https://news.10jqka.com.cn/m600683770/,利好,HK0029,达力集团,<p>此外，公司拥有人应占净利润约1.16亿港元，同比增加27.57%;每股基本盈利51.4港仙，拟派末期股息每股3港仙。</p><p>回顾年度，集团经营分类包含中国内地的物业租赁及物业销售。租赁分类乃位处于北京及上海的投资物业，并为集团主要分类资产，均以人民币结算而且租金表现平稳，并持续为集团营业额及业绩带来关键及稳固来源。</p><p>收入主要源自集团以人民币结算的投资物业所带来的稳定租金收入，连同毛利率达78%;与此同时，集团呈报其他收益1603.8万港元，同比增加155.95%，主要源于假计利息收入。</p><p>其他收益的大幅增加是由于年内从波动中的人民币换算港币的贬值所产生的兑换净亏损减少至242.2万港元，而且，集团已确认其投资物业公平值的增加合计9289.6万港元。</p>
达力(00029)合营伙伴向中国法院申请强制清算圳华,https://news.10jqka.com.cn/m589584767/,利空,HK0029,达力集团,<p>达力集团(00029)宣布，其持股49%的合营企业圳华之合营企业经营期已于2014年1月16日届满，由于集团及合营伙伴深航运之间存在多方面分歧，清算进展非常缓慢。迄今，合营双方尚未能就清算事宜达成任何重大协议或共识。公司知悉深航运已向中国法院提呈强制清算圳华之申请，公司认为强制清算能推进清算圳华。</p><p>倘申请获接纳，中国法院将根据中国法律为圳华委任清算委员会。该清算委员会将获授予执行清算之责任，包括制定清算方案，以有秩序地处理圳华之资产出售或变现，致使圳华所有负债及索偿将得以清偿，而于扣除清算所产生开支后之任何盈余，将向合营双方分派。鉴于有关事宜之复杂性，故概不能保证不会出现进一步重大延误及受阻，且清算将需时。 </p>
达力派中期息2.5仙,https://news.10jqka.com.cn/m588158437/,中性,HK0029,达力集团,"<p>达力集团(00029-HK)公告，截至去年12月底止中期盈利按年跌约4.89%约5,272万元，每股盈利23.73仙，派中期股息2.5仙。</p><p>截至今年12月31日止之六个月内，集团录得总收入为5,084万元，而毛利为4,039.6万元。在人民币货币于期内波动下，此业绩主要基于集团投资物业以人民币结算之稳定租金收入，连同毛利率增幅达致79%。</p>"
达力重选张志明为董事议案遭股东否决,https://news.10jqka.com.cn/m586459498/,中性,HK0029,达力集团,<p>12月14日消息，据财华社报道，达力集团(00029-HK)公布，重选张志明为董事的议案不获股东通过，反对票达95.65%，故张志明自周年大会结束后退任执行董事一职。 </p>
万隆控股集团以10万港元出售晋翘有限公司60%股权,https://news.10jqka.com.cn/m609571679/,中性,HK0030,万隆控股集团,<p>于公布日期，目标公司拥有兴华源100%已发行股本;及金富源矿业90%股权。于完成后，目标公司、兴华源和金富源矿业将不再为公司的附属公司。</p><p>值得注意的是，公司于2017年1月知悉第一项民事裁定、第二项民事判决及执行裁定书，且公司于不久后察觉到银地矿业的90%股权由金富源矿业据称转让予河南桂圆。鉴于该等事件，集团认为其已失去对矿业资产的实际控制权，包括但不限于失去银地矿业所有物业、机器和设备以及银地矿业持有位于中国河南省桐柏县面积约1.81平方公里银地矿区采矿权证的无形资产。</p><p>在公司的指示下，金富源矿业就试图追讨收回矿业资产和对若干可疑违法者作出追索而向河南桂圆展开追讨行动。于2018年5月，公司获告知金富源矿业就第二项民事判决再审的申请已被河南省高级人民法院驳回。尽管公司已指示金富源矿业透过向中国的法院进一步上诉以继续进行追讨行动，追讨行动的前景已变得较以往更不明朗。</p><p>于出售目标公司60%股权时，公司实际出售其于金富源矿业(即追讨行动的原告)的间接权益，并继而出售追讨行动的结果，连同追讨收回矿业资产和出售贷款的前景。董事认为，出售事项可减轻集团继续面临额外诉讼费用的风险，并同时可保留于追讨行动前景的部分权益。</p><p>由于矿业资产于2017年1月取消综合入账，故此集团已于其截至2017年3月31日止年度综合财务报表中就附属公司取消综合入账亏损1.16亿港元和应收取消综合入账附属公司的款项减值亏损7114.56万港元。</p><p>因此，截至2017年和2018年3月31日止两个年度，目标集团并无为集团带来任何收益或重大亏损。因此，出售事项将不会对集团的业务、营运和财务状况造成任何进一步影响。</p>
万隆控股重续2000万元贷款,https://news.10jqka.com.cn/m609404530/,中性,HK0030,万隆控股集团,<p>万隆控股(00030-HK)公布，于2019年1月23日，该公司全资附属公司万隆财务有限公司与借方订立第二份贷款重续协议。<br/></p><p>据此，贷方同意重续本金总额为2000万港元的贷款，利率18厘，并将于2020年1月30日偿还。</p>
万隆控股集团1200万贷款达成重续协议,https://news.10jqka.com.cn/m609354906/,中性,HK0030,万隆控股集团,
万隆控股集团附属与借方重续1500万港元贷款协议,https://news.10jqka.com.cn/m609323621/,中性,HK0030,万隆控股集团,
万隆控股集团就放贷合共1600万港元订立重续协议,https://news.10jqka.com.cn/m609080997/,中性,HK0030,万隆控股集团,
万隆控股集团重续2000万港元贷款,https://news.10jqka.com.cn/m609053385/,中性,HK0030,万隆控股集团,<p>借方为一间于香港注册成立的有限公司，从事服装及服装配饰贸易。</p>
万隆控股集团就放贷合共2000万港元订立重续协议,https://news.10jqka.com.cn/m608835561/,中性,HK0030,万隆控股集团,
万隆控股集团中期股东应占溢利同比增长2.42倍至1858.2万港元,https://news.10jqka.com.cn/m608452575/,中性,HK0030,万隆控股集团,<p>公告称，溢利主要由于放债分部的收益及溢利增加。</p>
万隆控股集团溢价0.56%向云南白药控股增发10亿股,https://news.10jqka.com.cn/m608318703/,中性,HK0030,万隆控股集团,
万隆控股集团附属重续2000万港元贷款,https://news.10jqka.com.cn/m608217810/,中性,HK0030,万隆控股集团,<p>于2018年11月16日，贷方与借方订立第三份贷款重续协议，据此，贷方同意重续本金总额为2000万港元的贷款，并将于2019年11月26日偿还。</p>
